Ack,App_Name,At_Home,Current_Activity,Responsiveness,Goal_Alignment,Intervention_Type,Sleepiness,Prolific_ID,Valence,Satisfaction,Agency,Multitasking,Social_Situation,Stress,Timestamp,Usefulness,Gender,Age,Hour,Weekday,Reactance,Impulsivity,Anxiety,Self-Control,FoMo
TRUE,,TRUE,-2,0,6,Vibration,7,55888077fdf99b5a49c22876,3,4,6,No,alone,3,2025-06-08 2:45:15,6,Female,54,2,FALSE,2,1.8,1,3.08,3.2
TRUE,Facebook,TRUE,-3,37,4,Vibration,1,55888077fdf99b5a49c22876,3,4,7,Yes,alone,0,2025-06-06 1:07:28,4,Female,54,1,TRUE,4.4,1.8,1,3.08,3.2
TRUE,YouTube,TRUE,-3,66,6,Vibration,9,55888077fdf99b5a49c22876,5,4,5,No,alone,0,2025-06-04 0:48:54,6,Female,54,0,TRUE,2,1.8,1,3.08,3.2
TRUE,,FALSE,-3,0,5,Vibration,1,55888077fdf99b5a49c22876,4,5,7,Yes,friends,0,2025-06-06 18:30:43,1,Female,54,18,TRUE,5,1.8,1,3.08,3.2
TRUE,,TRUE,-3,1,4,SpotOverlay,5,55888077fdf99b5a49c22876,3,4,4,Yes,alone,3,2025-06-07 12:02:24,5,Female,54,12,FALSE,4,1.8,1,3.08,3.2
TRUE,Facebook,TRUE,-3,18,4,Vibration,1,55888077fdf99b5a49c22876,3,1,7,No,alone,1,2025-06-04 20:25:39,1,Female,54,20,TRUE,5,1.8,1,3.08,3.2
TRUE,,TRUE,-3,349,4,SpotOverlay,6,55888077fdf99b5a49c22876,3,6,6,No,alone,0,2025-06-07 16:07:57,1,Female,54,16,FALSE,5,1.8,1,3.08,3.2
TRUE,Facebook,TRUE,-2,150,2,Vibration,6,55888077fdf99b5a49c22876,3,5,6,No,alone,2,2025-06-03 10:28:03,2,Female,54,10,TRUE,4,1.8,1,3.08,3.2
TRUE,TikTok,TRUE,-3,135,4,SpotOverlay,4,55888077fdf99b5a49c22876,2,4,4,No,alone,3,2025-06-08 1:50:43,1,Female,54,1,FALSE,5,1.8,1,3.08,3.2
TRUE,,TRUE,-1,0,5,Vibration,1,55888077fdf99b5a49c22876,5,5,5,No,alone,2,2025-06-02 17:52:32,6,Female,54,17,TRUE,3.6,1.8,1,3.08,3.2
TRUE,,TRUE,-3,18,3,Vibration,1,55888077fdf99b5a49c22876,3,5,7,No,alone,4,2025-06-08 13:18:13,4,Female,54,13,FALSE,5,1.8,1,3.08,3.2
TRUE,,TRUE,0,1,2,Pop-Up,9,5588b2bffdf99b7a7714efd1,2,3,3,No,alone,6,2025-04-07 4:40:08,1,Female,37,4,TRUE,3.6,3.13,2.6,1.69,3.4
TRUE,YouTube,TRUE,0,45,4,Vibration,6,55a8c7affdf99b33d8aff983,3,4,2,Yes,friends,4,2025-03-14 17:52:05,4,Male,26,17,TRUE,2.2,3.13,2.4,1.38,4
TRUE,YouTube,TRUE,-3,10,5,Pop-Up,6,55a8c7affdf99b33d8aff983,2,5,4,No,alone,7,2025-03-13 10:02:17,5,Male,26,10,TRUE,2.8,3.13,2.4,1.38,4
TRUE,YouTube,TRUE,-2,32,5,Vibration,6,55a8c7affdf99b33d8aff983,2,3,2,No,friends,3,2025-03-14 11:43:57,5,Male,26,11,TRUE,4,3.13,2.4,1.38,4
TRUE,,TRUE,-1,30,4,SpotOverlay,6,55cff4a834e9060012e57407,3,5,6,Yes,alone,3,2025-03-15 18:59:46,3,Female,28,18,FALSE,4,3.27,3,1.23,4.8
TRUE,,TRUE,-3,0,3,Vibration,7,55cff4a834e9060012e57407,3,4,5,No,alone,6,2025-03-15 2:36:15,2,Female,28,2,FALSE,3.6,3.27,3,1.23,4.8
TRUE,,TRUE,0,0,3,Vibration,9,55cff4a834e9060012e57407,2,2,2,No,alone,3,2025-03-14 10:16:36,1,Female,28,10,TRUE,4,3.27,3,1.23,4.8
TRUE,,TRUE,1,0,6,Vibration,6,55cff4a834e9060012e57407,4,5,4,Yes,alone,3,2025-03-16 2:25:39,6,Female,28,2,FALSE,2.2,3.27,3,1.23,4.8
TRUE,,TRUE,-1,0,6,Pop-Up,5,55cff4a834e9060012e57407,4,5,4,Yes,alone,2,2025-03-16 0:31:42,6,Female,28,0,FALSE,2,3.27,3,1.23,4.8
TRUE,,TRUE,-2,27,4,Vibration,5,55cff4a834e9060012e57407,3,4,5,Yes,alone,3,2025-03-15 14:39:20,3,Female,28,14,FALSE,3.6,3.27,3,1.23,4.8
TRUE,,TRUE,3,0,1,Pop-Up,7,55cff4a834e9060012e57407,1,1,1,Yes,friends,9,2025-03-16 10:37:24,1,Female,28,10,FALSE,4.4,3.27,3,1.23,4.8
TRUE,TikTok,TRUE,0,413,4,SpotOverlay,4,55cff4a834e9060012e57407,3,3,3,Yes,friends,2,2025-03-15 17:45:48,3,Female,28,17,FALSE,3.8,3.27,3,1.23,4.8
TRUE,Instagram,TRUE,-2,11,6,Vibration,1,55d22025cc2b18000c0b9d9c,3,6,5,No,alone,0,2025-05-23 8:34:24,7,Male,28,8,TRUE,2.2,2.27,1.2,3.54,3
TRUE,Instagram,TRUE,-3,14,7,Vibration,4,55d22025cc2b18000c0b9d9c,4,7,7,No,alone,0,2025-05-20 7:30:03,7,Male,28,7,TRUE,2,2.27,1.2,3.54,3
TRUE,Instagram,TRUE,-3,5,7,Pop-Up,9,55d22025cc2b18000c0b9d9c,3,6,7,No,alone,0,2025-05-22 2:26:14,7,Male,28,2,TRUE,2.4,2.27,1.2,3.54,3
TRUE,Instagram,TRUE,-2,35,6,Pop-Up,4,55d22025cc2b18000c0b9d9c,4,4,7,No,alone,0,2025-05-20 19:52:27,7,Male,28,19,TRUE,3,2.27,1.2,3.54,3
TRUE,Instagram,TRUE,-3,0,1,Pop-Up,7,55d22025cc2b18000c0b9d9c,3,7,7,No,alone,0,2025-05-24 23:25:45,7,Male,28,23,FALSE,2.2,2.27,1.2,3.54,3
TRUE,,TRUE,-3,113,5,Vibration,5,55d22025cc2b18000c0b9d9c,3,7,7,No,alone,0,2025-05-26 13:57:30,7,Male,28,13,TRUE,4.2,2.27,1.2,3.54,3
TRUE,Instagram,TRUE,-2,12,7,Vibration,6,55d22025cc2b18000c0b9d9c,3,7,7,No,alone,0,2025-05-25 21:12:40,7,Male,28,21,FALSE,2.4,2.27,1.2,3.54,3
TRUE,Instagram,TRUE,-3,37,2,SpotOverlay,3,55d22025cc2b18000c0b9d9c,2,1,1,No,alone,3,2025-05-22 17:55:28,4,Male,28,17,TRUE,3.6,2.27,1.2,3.54,3
TRUE,Instagram,TRUE,-3,105,2,SpotOverlay,5,56d7623f04c67d000c7b9de6,4,2,2,No,alone,0,2025-03-23 17:49:26,2,Female,35,17,FALSE,4,2.67,0,2.62,2.2
TRUE,,TRUE,-3,16,4,SpotOverlay,3,56d7623f04c67d000c7b9de6,4,4,4,Yes,friends,0,2025-03-23 12:48:25,3,Female,35,12,FALSE,4,2.67,0,2.62,2.2
TRUE,,FALSE,3,0,4,Pop-Up,1,56d7623f04c67d000c7b9de6,4,4,7,Yes,alone,0,2025-03-19 8:31:07,4,Female,35,8,TRUE,4,2.67,0,2.62,2.2
TRUE,Instagram,TRUE,-3,27,2,Vibration,7,56d7623f04c67d000c7b9de6,3,2,4,No,alone,0,2025-03-21 21:30:45,2,Female,35,21,TRUE,4,2.67,0,2.62,2.2
TRUE,Instagram,TRUE,-3,0,2,SpotOverlay,7,56d7623f04c67d000c7b9de6,3,2,3,No,alone,0,2025-03-22 21:23:00,2,Female,35,21,FALSE,4,2.67,0,2.62,2.2
TRUE,Instagram,TRUE,-3,0,3,Vibration,7,56d7623f04c67d000c7b9de6,4,3,7,No,alone,0,2025-03-19 21:45:49,2,Female,35,21,TRUE,4,2.67,0,2.62,2.2
TRUE,Instagram,TRUE,-2,2,4,Pop-Up,1,56d7623f04c67d000c7b9de6,4,4,5,No,alone,0,2025-03-22 14:11:50,3,Female,35,14,FALSE,4,2.67,0,2.62,2.2
TRUE,,TRUE,-3,0,4,Pop-Up,1,56d7623f04c67d000c7b9de6,5,5,6,No,friends,0,2025-03-22 9:36:04,4,Female,35,9,FALSE,4,2.67,0,2.62,2.2
TRUE,Instagram,TRUE,-3,104,2,SpotOverlay,5,56d7623f04c67d000c7b9de6,3,2,2,No,alone,0,2025-03-23 9:58:39,2,Female,35,9,FALSE,4,2.67,0,2.62,2.2
TRUE,Instagram,TRUE,-3,362,4,Pop-Up,7,56d7623f04c67d000c7b9de6,4,4,7,No,alone,0,2025-03-18 21:31:18,4,Female,35,21,TRUE,3.8,2.67,0,2.62,2.2
TRUE,YouTube,TRUE,2,176,5,SpotOverlay,1,56d7623f04c67d000c7b9de6,4,4,7,Yes,alone,0,2025-03-19 7:45:56,4,Female,35,7,TRUE,4,2.67,0,2.62,2.2
TRUE,,TRUE,2,0,3,Pop-Up,1,56d7623f04c67d000c7b9de6,4,4,6,Yes,alone,0,2025-03-19 7:24:19,3,Female,35,7,TRUE,4,2.67,0,2.62,2.2
TRUE,Instagram,TRUE,-3,0,5,SpotOverlay,9,56d7623f04c67d000c7b9de6,4,4,2,No,alone,0,2025-03-23 21:52:03,5,Female,35,21,FALSE,4,2.67,0,2.62,2.2
TRUE,,TRUE,-3,0,2,SpotOverlay,7,56d7623f04c67d000c7b9de6,3,2,6,No,alone,0,2025-03-19 23:49:47,2,Female,35,23,TRUE,4,2.67,0,2.62,2.2
TRUE,,TRUE,-3,0,4,SpotOverlay,7,56d7623f04c67d000c7b9de6,4,4,6,Yes,alone,0,2025-03-24 19:45:05,4,Female,35,19,TRUE,4,2.67,0,2.62,2.2
TRUE,,TRUE,-2,0,4,Pop-Up,1,56d7623f04c67d000c7b9de6,4,4,6,Yes,friends,0,2025-03-22 11:00:02,4,Female,35,11,FALSE,4,2.67,0,2.62,2.2
TRUE,,TRUE,-1,0,4,Pop-Up,1,56d7623f04c67d000c7b9de6,4,4,6,Yes,friends,0,2025-03-22 12:13:22,3,Female,35,12,FALSE,4,2.67,0,2.62,2.2
TRUE,YouTube,TRUE,-1,299,3,SpotOverlay,1,56d7623f04c67d000c7b9de6,4,3,3,Yes,alone,0,2025-03-20 7:36:45,2,Female,35,7,TRUE,4,2.67,0,2.62,2.2
TRUE,,TRUE,1,0,4,SpotOverlay,1,56d7623f04c67d000c7b9de6,5,4,7,Yes,friends,0,2025-03-24 8:12:02,3,Female,35,8,TRUE,4,2.67,0,2.62,2.2
TRUE,Instagram,TRUE,-3,0,3,Pop-Up,9,56d7623f04c67d000c7b9de6,4,5,7,No,alone,0,2025-03-22 22:30:03,3,Female,35,22,FALSE,4,2.67,0,2.62,2.2
TRUE,Instagram,TRUE,-3,51,5,Pop-Up,8,56d7623f04c67d000c7b9de6,4,5,6,No,alone,0,2025-03-21 22:00:27,5,Female,35,22,TRUE,4,2.67,0,2.62,2.2
TRUE,Instagram,TRUE,-3,0,5,Vibration,5,56d7623f04c67d000c7b9de6,4,5,7,No,alone,0,2025-03-19 18:48:45,5,Female,35,18,TRUE,4,2.67,0,2.62,2.2
TRUE,Facebook,TRUE,-1,35,4,SpotOverlay,6,586400dfec49b5000158fbea,3,5,3,No,alone,6,2025-02-20 0:38:56,5,Female,38,0,TRUE,3,3.47,2.8,2.15,4
TRUE,TikTok,TRUE,2,36,5,Vibration,3,586400dfec49b5000158fbea,2,5,3,No,friends,6,2025-02-24 8:19:02,5,Female,38,8,TRUE,3.4,3.47,2.8,2.15,4
TRUE,TikTok,TRUE,-2,86,5,Vibration,5,5869950b8596530001079aba,3,5,5,No,alone,3,2025-03-03 23:52:01,5,Male,37,23,TRUE,1.8,2.73,2.4,2.54,4
TRUE,TikTok,TRUE,-1,294,4,Vibration,4,5869950b8596530001079aba,3,4,2,No,friends,5,2025-03-04 19:02:14,5,Male,37,19,TRUE,2.6,2.73,2.4,2.54,4
TRUE,TikTok,TRUE,-2,40,5,Vibration,4,5869950b8596530001079aba,2,4,3,No,alone,1,2025-03-04 5:04:42,6,Male,37,5,TRUE,2,2.73,2.4,2.54,4
TRUE,TikTok,TRUE,-3,276,3,Vibration,6,5869950b8596530001079aba,1,4,3,No,friends,6,2025-03-08 21:46:39,4,Male,37,21,FALSE,3.8,2.73,2.4,2.54,4
TRUE,TikTok,TRUE,-1,168,3,SpotOverlay,4,5869950b8596530001079aba,3,4,2,No,friends,3,2025-03-07 19:06:08,5,Male,37,19,TRUE,2.6,2.73,2.4,2.54,4
TRUE,TikTok,TRUE,-2,5,4,Pop-Up,6,5869950b8596530001079aba,3,4,3,No,alone,4,2025-03-02 15:09:13,5,Male,37,15,FALSE,2.4,2.73,2.4,2.54,4
TRUE,TikTok,TRUE,-3,186,6,Vibration,5,5869950b8596530001079aba,3,4,6,No,alone,4,2025-03-02 23:54:57,4,Male,37,23,FALSE,2.8,2.73,2.4,2.54,4
TRUE,TikTok,TRUE,-3,0,6,Vibration,6,5869950b8596530001079aba,3,3,3,No,friends,5,2025-03-05 23:22:15,2,Male,37,23,TRUE,2.4,2.73,2.4,2.54,4
TRUE,TikTok,TRUE,-3,7,2,Pop-Up,6,5869950b8596530001079aba,1,2,2,No,friends,6,2025-03-08 22:02:49,2,Male,37,22,FALSE,3.4,2.73,2.4,2.54,4
TRUE,,TRUE,-3,89,4,SpotOverlay,7,5909babdae44b5000105b93d,3,4,3,No,alone,3,2025-06-05 20:27:43,6,Male,38,20,TRUE,2.6,3.07,2,1.62,3.4
TRUE,Facebook,TRUE,-3,33,4,SpotOverlay,6,5909babdae44b5000105b93d,3,5,3,No,friends,3,2025-06-06 5:40:00,5,Male,38,5,TRUE,2.4,3.07,2,1.62,3.4
TRUE,Facebook,TRUE,-3,0,4,Pop-Up,6,5909babdae44b5000105b93d,3,1,7,No,alone,3,2025-06-07 6:20:48,1,Male,38,6,FALSE,3.8,3.07,2,1.62,3.4
TRUE,Facebook,TRUE,-3,4,6,Pop-Up,5,5909babdae44b5000105b93d,3,5,3,Yes,alone,2,2025-06-06 6:42:54,6,Male,38,6,TRUE,2.6,3.07,2,1.62,3.4
TRUE,YouTube,TRUE,-3,405,5,Pop-Up,7,5928df79366dc80001d0b788,4,6,6,No,alone,2,2025-03-01 9:02:38,6,Male,39,9,FALSE,3,2.47,1.2,2.15,3.2
TRUE,Facebook,TRUE,-1,11,4,Vibration,7,5941b7b5142c9600012f398b,3,5,2,No,alone,6,2025-05-23 6:50:12,4,Female,33,6,TRUE,2.8,2.27,2,2.69,4
TRUE,,TRUE,2,467,2,Vibration,3,5952b2d4db484a0001927525,3,2,2,Yes,friends,5,2025-05-22 21:49:26,1,Female,33,21,TRUE,4.6,3.27,2.4,2,4.8
TRUE,Facebook,TRUE,0,181,3,SpotOverlay,7,5952b2d4db484a0001927525,3,2,2,No,alone,5,2025-05-20 13:13:11,3,Female,33,13,TRUE,4.4,3.27,2.4,2,4.8
TRUE,YouTube,TRUE,2,203,3,Vibration,4,5952b2d4db484a0001927525,4,3,2,Yes,alone,7,2025-05-21 21:41:41,2,Female,33,21,TRUE,4,3.27,2.4,2,4.8
TRUE,TikTok,FALSE,0,125,4,Vibration,6,59900f959d487e0001ac3a8e,4,4,6,Yes,friends,0,2025-03-21 15:05:37,3,Female,34,15,TRUE,4,2.73,0.4,2.69,1
TRUE,Instagram,TRUE,-3,39,3,SpotOverlay,4,59900f959d487e0001ac3a8e,4,4,4,No,friends,0,2025-03-26 7:00:44,3,Female,34,7,TRUE,4,2.73,0.4,2.69,1
TRUE,,TRUE,3,1132,4,Pop-Up,7,59900f959d487e0001ac3a8e,5,6,6,No,friends,0,2025-03-23 14:52:41,4,Female,34,14,FALSE,3,2.73,0.4,2.69,1
TRUE,Instagram,FALSE,2,73,4,SpotOverlay,6,59900f959d487e0001ac3a8e,4,3,4,No,alone,0,2025-03-21 14:04:22,3,Female,34,14,TRUE,3.8,2.73,0.4,2.69,1
TRUE,,TRUE,-1,0,3,Pop-Up,5,5a1d8489ab721b0001ef95cc,3,4,7,No,friends,2,2025-03-10 7:41:50,1,Male,37,7,TRUE,4.2,1.67,1.4,3.77,2.4
TRUE,YouTube,FALSE,1,46,3,Pop-Up,2,5a1d8489ab721b0001ef95cc,4,5,7,Yes,alone,3,2025-03-10 14:35:58,2,Male,37,14,TRUE,5,1.67,1.4,3.77,2.4
TRUE,YouTube,FALSE,1,340,5,Vibration,4,5a1d8489ab721b0001ef95cc,4,4,7,No,alone,1,2025-03-10 17:00:22,5,Male,37,17,TRUE,5,1.67,1.4,3.77,2.4
TRUE,YouTube,FALSE,2,71,1,Vibration,2,5a1d8489ab721b0001ef95cc,5,3,7,No,alone,0,2025-03-13 16:55:03,1,Male,37,16,TRUE,5,1.67,1.4,3.77,2.4
TRUE,Facebook,TRUE,-3,33,2,SpotOverlay,5,5a6d5ae19d65ec00017e9bae,3,6,1,No,alone,0,2025-03-18 14:30:36,6,Female,36,14,TRUE,4,2.07,1.4,3.46,3
TRUE,Instagram,TRUE,-3,24,6,Pop-Up,3,5a771465eea3d300016de2e1,4,5,7,No,alone,2,2025-05-22 12:08:45,5,Female,55,12,TRUE,4,2.13,1,2.92,2.4
TRUE,Instagram,TRUE,-3,31,6,SpotOverlay,1,5a771465eea3d300016de2e1,4,5,4,Yes,alone,7,2025-05-23 16:47:32,6,Female,55,16,TRUE,4,2.13,1,2.92,2.4
TRUE,Instagram,TRUE,-3,112,4,SpotOverlay,5,5a771465eea3d300016de2e1,3,4,3,No,alone,3,2025-05-22 7:00:51,4,Female,55,7,TRUE,4,2.13,1,2.92,2.4
TRUE,Instagram,TRUE,-3,41,6,Pop-Up,3,5a771465eea3d300016de2e1,3,5,6,Yes,alone,6,2025-05-21 13:51:49,7,Female,55,13,TRUE,4.2,2.13,1,2.92,2.4
TRUE,Instagram,TRUE,2,94,2,SpotOverlay,2,5a771465eea3d300016de2e1,2,2,4,Yes,alone,7,2025-05-25 10:42:55,2,Female,55,10,FALSE,4.2,2.13,1,2.92,2.4
TRUE,Instagram,TRUE,-2,103,6,Vibration,2,5a771465eea3d300016de2e1,3,3,3,Yes,alone,3,2025-05-20 12:55:15,6,Female,55,12,TRUE,4,2.13,1,2.92,2.4
TRUE,,TRUE,1,48,6,SpotOverlay,3,5a771465eea3d300016de2e1,4,5,5,Yes,alone,7,2025-05-24 13:00:05,6,Female,55,13,FALSE,4.2,2.13,1,2.92,2.4
TRUE,,TRUE,-3,0,4,SpotOverlay,5,5ad22ebba010190001b363e8,4,4,5,Yes,alone,0,2025-04-15 0:12:12,4,Male,38,0,TRUE,3.8,1.73,0.2,4.38,1.2
TRUE,Facebook,TRUE,-3,27,4,Pop-Up,4,5ad22ebba010190001b363e8,4,4,3,Yes,friends,0,2025-04-16 21:10:38,1,Male,38,21,TRUE,4,1.73,0.2,4.38,1.2
TRUE,YouTube,TRUE,-3,16,4,Pop-Up,4,5ad22ebba010190001b363e8,4,4,5,Yes,alone,0,2025-04-20 23:26:27,4,Male,38,23,FALSE,4.6,1.73,0.2,4.38,1.2
TRUE,YouTube,TRUE,-3,13,4,Pop-Up,4,5ad22ebba010190001b363e8,4,4,2,Yes,alone,0,2025-04-17 23:57:51,1,Male,38,23,TRUE,4,1.73,0.2,4.38,1.2
TRUE,Facebook,TRUE,-3,93,4,SpotOverlay,2,5ad22ebba010190001b363e8,4,2,3,Yes,alone,0,2025-04-20 23:49:39,4,Male,38,23,FALSE,4.4,1.73,0.2,4.38,1.2
TRUE,,TRUE,0,3,4,Vibration,4,5ad22ebba010190001b363e8,4,5,4,Yes,friends,1,2025-04-20 9:08:57,2,Male,38,9,FALSE,4.6,1.73,0.2,4.38,1.2
TRUE,,FALSE,1,4,3,Pop-Up,3,5ad3bfc75b53cb0001f35839,4,4,5,No,friends,3,2025-03-28 13:21:05,4,Female,42,13,TRUE,3.8,2.2,1,2.31,2.8
TRUE,YouTube,FALSE,2,49,4,Vibration,8,5ad3bfc75b53cb0001f35839,3,4,6,No,alone,4,2025-04-02 23:22:01,3,Female,42,23,TRUE,4,2.2,1,2.31,2.8
TRUE,,FALSE,2,13,3,Vibration,7,5ad3bfc75b53cb0001f35839,2,5,6,No,alone,3,2025-04-02 22:31:14,3,Female,42,22,TRUE,4.2,2.2,1,2.31,2.8
TRUE,,TRUE,-2,5,5,Pop-Up,4,5ad3bfc75b53cb0001f35839,4,5,5,No,friends,3,2025-04-03 14:55:36,5,Female,42,14,TRUE,4,2.2,1,2.31,2.8
TRUE,YouTube,TRUE,-2,850,3,Vibration,2,5ad3bfc75b53cb0001f35839,3,4,6,Yes,alone,4,2025-04-02 9:20:20,2,Female,42,9,TRUE,4.2,2.2,1,2.31,2.8
TRUE,YouTube,FALSE,1,0,6,Vibration,8,5ad3bfc75b53cb0001f35839,3,5,5,No,alone,2,2025-04-02 23:05:21,3,Female,42,23,TRUE,4.4,2.2,1,2.31,2.8
TRUE,YouTube,TRUE,-3,209,4,Pop-Up,5,5ad3bfc75b53cb0001f35839,3,4,6,No,alone,4,2025-04-02 7:51:21,6,Female,42,7,TRUE,3.6,2.2,1,2.31,2.8
TRUE,,FALSE,3,2,4,SpotOverlay,4,5ad3bfc75b53cb0001f35839,4,5,6,No,friends,3,2025-04-03 10:11:46,4,Female,42,10,TRUE,5,2.2,1,2.31,2.8
TRUE,YouTube,TRUE,-3,42,4,Vibration,7,5ad67e09aa5204000109010b,3,2,3,No,friends,2,2025-05-17 23:20:58,3,Male,32,23,FALSE,5,1.93,0,2.54,2.6
TRUE,YouTube,TRUE,-3,10,1,Pop-Up,6,5ad67e09aa5204000109010b,4,7,7,No,alone,1,2025-05-16 21:51:05,7,Male,32,21,TRUE,5,1.93,0,2.54,2.6
TRUE,YouTube,TRUE,-3,4,2,Pop-Up,5,5ad67e09aa5204000109010b,3,6,6,No,alone,1,2025-05-17 14:25:57,5,Male,32,14,FALSE,5,1.93,0,2.54,2.6
TRUE,YouTube,TRUE,-3,0,2,Pop-Up,3,5ad67e09aa5204000109010b,4,6,7,No,alone,2,2025-05-17 9:40:28,6,Male,32,9,FALSE,5,1.93,0,2.54,2.6
TRUE,,TRUE,-2,5,2,Pop-Up,4,5ad67e09aa5204000109010b,3,6,7,No,friends,3,2025-05-17 9:16:59,5,Male,32,9,FALSE,5,1.93,0,2.54,2.6
TRUE,YouTube,TRUE,-3,238,3,Vibration,6,5ad67e09aa5204000109010b,3,1,1,Yes,alone,3,2025-05-16 21:18:19,1,Male,32,21,TRUE,5,1.93,0,2.54,2.6
TRUE,,TRUE,-3,0,3,SpotOverlay,3,5b5f35fe64516800018b8ed2,3,4,3,No,alone,1,2025-04-11 17:37:02,3,Male,38,17,TRUE,4.6,2.4,2.6,2.15,4.6
TRUE,YouTube,TRUE,-1,6,2,Pop-Up,5,5b5f35fe64516800018b8ed2,3,4,1,Yes,friends,1,2025-04-16 11:41:12,5,Male,38,11,TRUE,3.8,2.4,2.6,2.15,4.6
TRUE,,FALSE,3,0,1,Pop-Up,5,5b5f35fe64516800018b8ed2,2,1,1,Yes,friends,6,2025-04-12 18:16:41,1,Male,38,18,FALSE,5,2.4,2.6,2.15,4.6
TRUE,,TRUE,0,0,5,Pop-Up,4,5b5f35fe64516800018b8ed2,3,4,2,No,friends,0,2025-04-18 10:48:43,5,Male,38,10,TRUE,4.2,2.4,2.6,2.15,4.6
TRUE,Facebook,TRUE,-3,12,5,Vibration,2,5b8733a8dd068d0001be4a5f,4,5,3,Yes,alone,0,2025-05-16 16:49:52,5,Male,31,16,TRUE,4.2,2.8,1.8,2.31,3.2
TRUE,Facebook,TRUE,-3,84,3,SpotOverlay,1,5b8733a8dd068d0001be4a5f,2,3,2,Yes,alone,0,2025-05-16 17:52:41,4,Male,31,17,TRUE,4.4,2.8,1.8,2.31,3.2
TRUE,,TRUE,-3,4,5,Pop-Up,3,5b8733a8dd068d0001be4a5f,4,5,4,Yes,alone,0,2025-05-16 16:15:06,6,Male,31,16,TRUE,4,2.8,1.8,2.31,3.2
TRUE,Facebook,FALSE,-3,4,4,Pop-Up,1,5b8733a8dd068d0001be4a5f,4,4,6,Yes,friends,0,2025-05-16 20:51:21,6,Male,31,20,TRUE,4.2,2.8,1.8,2.31,3.2
TRUE,,TRUE,-3,511,7,SpotOverlay,1,5b8733a8dd068d0001be4a5f,4,5,3,Yes,alone,0,2025-05-15 19:03:46,5,Male,31,19,TRUE,4.4,2.8,1.8,2.31,3.2
TRUE,,TRUE,-3,52,3,SpotOverlay,4,5b8733a8dd068d0001be4a5f,4,2,3,Yes,alone,0,2025-05-15 17:39:14,5,Male,31,17,TRUE,4,2.8,1.8,2.31,3.2
TRUE,Facebook,TRUE,-2,7,6,Pop-Up,4,5b8733a8dd068d0001be4a5f,4,5,4,Yes,alone,2,2025-05-16 15:59:16,7,Male,31,15,TRUE,3.4,2.8,1.8,2.31,3.2
TRUE,,TRUE,-1,22,5,Vibration,1,5b8733a8dd068d0001be4a5f,4,6,5,Yes,alone,1,2025-05-15 17:10:16,5,Male,31,17,TRUE,3,2.8,1.8,2.31,3.2
TRUE,Facebook,FALSE,-3,149,2,SpotOverlay,3,5b8733a8dd068d0001be4a5f,3,4,1,Yes,friends,4,2025-05-16 18:21:39,3,Male,31,18,TRUE,4.6,2.8,1.8,2.31,3.2
TRUE,Facebook,FALSE,1,37,5,SpotOverlay,1,5bb62f1a3e969700019bd44d,4,5,7,Yes,alone,0,2025-04-14 10:31:54,3,Male,44,10,TRUE,5,2.07,0.4,3.15,2
TRUE,Facebook,FALSE,1,114,4,Vibration,1,5bb62f1a3e969700019bd44d,4,7,7,No,alone,0,2025-04-16 16:36:28,1,Male,44,16,TRUE,5,2.07,0.4,3.15,2
TRUE,,TRUE,-2,42,4,SpotOverlay,1,5bb62f1a3e969700019bd44d,3,2,7,Yes,friends,0,2025-04-14 18:46:18,1,Male,44,18,TRUE,5,2.07,0.4,3.15,2
TRUE,Facebook,TRUE,-3,1311,5,Pop-Up,5,5bb62f1a3e969700019bd44d,3,4,7,Yes,friends,0,2025-04-14 21:13:18,1,Male,44,21,TRUE,5,2.07,0.4,3.15,2
TRUE,Facebook,TRUE,-2,375,4,Pop-Up,1,5bb62f1a3e969700019bd44d,4,7,7,Yes,alone,0,2025-04-14 18:29:05,2,Male,44,18,TRUE,5,2.07,0.4,3.15,2
TRUE,,TRUE,-3,0,3,SpotOverlay,4,5bb62f1a3e969700019bd44d,4,1,7,Yes,friends,0,2025-04-14 20:22:35,1,Male,44,20,TRUE,5,2.07,0.4,3.15,2
TRUE,YouTube,TRUE,-3,73,1,Vibration,6,5bf3761862e1bc0001f15cb2,3,3,5,No,alone,4,2025-06-09 6:34:51,1,Male,42,6,TRUE,5,2.07,2,2.62,3
TRUE,YouTube,TRUE,-2,132,1,SpotOverlay,6,5bf3761862e1bc0001f15cb2,1,1,1,No,alone,5,2025-06-02 13:09:06,1,Male,42,13,TRUE,3.8,2.07,2,2.62,3
TRUE,YouTube,TRUE,-3,179,1,SpotOverlay,8,5bf3761862e1bc0001f15cb2,3,1,1,No,alone,2,2025-06-02 23:07:35,1,Male,42,23,TRUE,4.6,2.07,2,2.62,3
TRUE,TikTok,TRUE,-2,232,1,SpotOverlay,6,5bf3761862e1bc0001f15cb2,3,1,2,No,alone,3,2025-06-03 7:43:09,1,Male,42,7,TRUE,4.6,2.07,2,2.62,3
TRUE,YouTube,TRUE,-3,178,1,SpotOverlay,7,5bf3761862e1bc0001f15cb2,2,1,4,No,alone,2,2025-06-09 7:10:58,1,Male,42,7,TRUE,4.6,2.07,2,2.62,3
TRUE,TikTok,TRUE,-3,301,2,SpotOverlay,6,5bf3761862e1bc0001f15cb2,2,2,3,No,alone,2,2025-06-08 22:59:48,1,Male,42,22,FALSE,4.6,2.07,2,2.62,3
TRUE,TikTok,TRUE,-3,9,4,Pop-Up,5,5bf3761862e1bc0001f15cb2,1,1,1,No,alone,7,2025-06-06 8:47:35,1,Male,42,8,TRUE,4.4,2.07,2,2.62,3
TRUE,YouTube,TRUE,-3,63,1,Vibration,7,5bf3761862e1bc0001f15cb2,2,1,4,No,alone,3,2025-06-09 6:52:15,1,Male,42,6,TRUE,5,2.07,2,2.62,3
TRUE,TikTok,TRUE,1,26,3,Pop-Up,6,5bf3761862e1bc0001f15cb2,2,2,2,No,alone,2,2025-06-02 21:59:20,1,Male,42,21,TRUE,4.4,2.07,2,2.62,3
TRUE,Instagram,TRUE,-2,55,3,SpotOverlay,6,5c0522c69cfe460001799999,3,3,6,No,friends,4,2025-03-23 23:12:36,3,Male,31,23,FALSE,4,2.47,0.6,2.46,4.4
TRUE,Instagram,TRUE,-2,50,6,SpotOverlay,8,5c0e84a7974277000123b3be,4,6,5,No,friends,5,2025-05-18 8:34:33,6,Male,38,8,FALSE,4,1.4,1.8,4.62,1
TRUE,Facebook,TRUE,-3,81,5,SpotOverlay,8,5c0e84a7974277000123b3be,4,6,3,No,alone,1,2025-05-18 1:11:41,6,Male,38,1,FALSE,3.2,1.4,1.8,4.62,1
TRUE,Facebook,TRUE,-3,74,7,Vibration,1,5c0e84a7974277000123b3be,2,6,6,No,friends,3,2025-05-17 20:53:11,7,Male,38,20,FALSE,4.4,1.4,1.8,4.62,1
TRUE,Facebook,TRUE,-1,12,6,Vibration,6,5c328af23f5d210001834f82,2,6,3,No,alone,7,2025-04-02 16:52:28,7,Non-binary,27,16,TRUE,3.6,2.27,1.2,1.85,2.4
TRUE,Instagram,TRUE,-3,6,6,Pop-Up,5,5c49484a6d9ae80001a1aa72,4,6,5,No,friends,3,2025-04-08 14:30:51,6,Male,46,14,TRUE,3.6,1.93,2.2,2.92,2
TRUE,,TRUE,1,37,6,Vibration,5,5c49484a6d9ae80001a1aa72,3,5,5,Yes,alone,4,2025-04-12 21:37:42,6,Male,46,21,FALSE,3,1.93,2.2,2.92,2
TRUE,Instagram,TRUE,-2,1185,5,Vibration,4,5c49484a6d9ae80001a1aa72,4,5,4,Yes,alone,4,2025-04-11 22:23:03,5,Male,46,22,TRUE,3.4,1.93,2.2,2.92,2
TRUE,Instagram,TRUE,-2,22,5,Pop-Up,8,5c49484a6d9ae80001a1aa72,4,5,4,No,friends,3,2025-04-09 0:30:09,5,Male,46,0,TRUE,3.2,1.93,2.2,2.92,2
TRUE,Instagram,TRUE,-2,3,7,Pop-Up,5,5c49484a6d9ae80001a1aa72,3,6,5,No,alone,4,2025-04-11 20:45:22,6,Male,46,20,TRUE,3.2,1.93,2.2,2.92,2
TRUE,,TRUE,1,1,5,Pop-Up,7,5c49484a6d9ae80001a1aa72,3,6,6,Yes,friends,4,2025-04-09 21:24:21,5,Male,46,21,TRUE,3.8,1.93,2.2,2.92,2
TRUE,Instagram,TRUE,-2,5,7,Pop-Up,3,5c49484a6d9ae80001a1aa72,3,7,6,No,alone,6,2025-04-10 19:17:44,7,Male,46,19,TRUE,3.4,1.93,2.2,2.92,2
TRUE,,TRUE,3,14,6,Vibration,6,5c49484a6d9ae80001a1aa72,4,5,6,No,friends,3,2025-04-08 14:11:40,5,Male,46,14,TRUE,2.8,1.93,2.2,2.92,2
TRUE,Instagram,TRUE,-1,34,6,SpotOverlay,3,5c49484a6d9ae80001a1aa72,4,6,6,No,friends,6,2025-04-09 15:36:06,6,Male,46,15,TRUE,3.4,1.93,2.2,2.92,2
TRUE,Instagram,TRUE,-1,25,6,SpotOverlay,4,5c49484a6d9ae80001a1aa72,3,6,5,No,alone,6,2025-04-11 11:41:41,6,Male,46,11,TRUE,3.6,1.93,2.2,2.92,2
TRUE,Instagram,TRUE,-2,818,7,Vibration,4,5c49484a6d9ae80001a1aa72,4,6,5,No,alone,6,2025-04-10 19:01:57,6,Male,46,19,TRUE,3.6,1.93,2.2,2.92,2
TRUE,Instagram,TRUE,-2,4,6,Pop-Up,7,5c49484a6d9ae80001a1aa72,4,6,5,No,friends,3,2025-04-11 23:55:10,6,Male,46,23,TRUE,3.8,1.93,2.2,2.92,2
TRUE,Instagram,TRUE,-2,16,6,SpotOverlay,5,5c49484a6d9ae80001a1aa72,3,6,5,Yes,alone,5,2025-04-10 21:16:31,5,Male,46,21,TRUE,3.4,1.93,2.2,2.92,2
TRUE,,TRUE,-1,43,5,SpotOverlay,3,5c49484a6d9ae80001a1aa72,2,4,3,No,alone,4,2025-04-06 14:05:10,5,Male,46,14,FALSE,2.4,1.93,2.2,2.92,2
TRUE,,TRUE,-1,10,6,SpotOverlay,5,5c49484a6d9ae80001a1aa72,4,6,5,Yes,alone,4,2025-04-12 18:02:04,6,Male,46,18,FALSE,3.6,1.93,2.2,2.92,2
TRUE,,TRUE,-2,1,6,Pop-Up,6,5c49484a6d9ae80001a1aa72,4,6,6,No,friends,2,2025-04-08 16:23:33,6,Male,46,16,TRUE,3.2,1.93,2.2,2.92,2
TRUE,,TRUE,1,27,5,SpotOverlay,4,5c49484a6d9ae80001a1aa72,3,5,6,Yes,friends,6,2025-04-09 12:03:08,6,Male,46,12,TRUE,2.8,1.93,2.2,2.92,2
TRUE,,TRUE,1,0,6,Pop-Up,3,5c49484a6d9ae80001a1aa72,4,5,4,Yes,alone,5,2025-04-12 16:56:28,5,Male,46,16,FALSE,3.8,1.93,2.2,2.92,2
TRUE,Instagram,TRUE,-3,6,7,Pop-Up,3,5c49484a6d9ae80001a1aa72,4,5,6,No,alone,4,2025-04-06 17:33:44,6,Male,46,17,FALSE,2.4,1.93,2.2,2.92,2
TRUE,Instagram,TRUE,-3,100,5,SpotOverlay,7,5c49484a6d9ae80001a1aa72,4,5,4,No,friends,2,2025-04-06 23:08:46,6,Male,46,23,FALSE,2.6,1.93,2.2,2.92,2
TRUE,TikTok,TRUE,-3,29,3,SpotOverlay,4,5c525373e8fee700012f4c90,2,3,4,Yes,alone,5,2025-05-22 12:07:39,1,Female,32,12,TRUE,3.2,2.6,2.2,2.38,3
TRUE,TikTok,TRUE,-2,0,2,Pop-Up,4,5c525373e8fee700012f4c90,3,3,4,No,alone,2,2025-05-21 11:53:08,1,Female,32,11,TRUE,3.2,2.6,2.2,2.38,3
TRUE,TikTok,TRUE,-3,14,2,Vibration,6,5c525373e8fee700012f4c90,1,4,6,No,alone,5,2025-05-22 19:57:35,1,Female,32,19,TRUE,3,2.6,2.2,2.38,3
TRUE,TikTok,TRUE,-3,18,4,Pop-Up,6,5c525373e8fee700012f4c90,2,5,7,No,alone,3,2025-05-24 15:55:10,4,Female,32,15,FALSE,3.8,2.6,2.2,2.38,3
TRUE,TikTok,TRUE,-3,56,3,SpotOverlay,5,5c525373e8fee700012f4c90,3,5,7,No,alone,3,2025-05-24 15:13:53,1,Female,32,15,FALSE,4,2.6,2.2,2.38,3
TRUE,TikTok,TRUE,-3,26,3,Vibration,6,5c525373e8fee700012f4c90,2,3,3,No,alone,5,2025-05-25 9:41:43,1,Female,32,9,FALSE,3.6,2.6,2.2,2.38,3
TRUE,TikTok,TRUE,-3,32,4,Vibration,5,5c525373e8fee700012f4c90,3,4,5,No,alone,2,2025-05-21 11:14:52,1,Female,32,11,TRUE,3.2,2.6,2.2,2.38,3
TRUE,TikTok,TRUE,-3,283,3,Pop-Up,5,5c525373e8fee700012f4c90,3,4,6,Yes,alone,4,2025-05-24 14:47:59,1,Female,32,14,FALSE,4,2.6,2.2,2.38,3
TRUE,TikTok,TRUE,3,423,1,SpotOverlay,3,5c525373e8fee700012f4c90,1,1,1,Yes,alone,6,2025-05-26 15:05:25,1,Female,32,15,TRUE,4,2.6,2.2,2.38,3
TRUE,TikTok,TRUE,-3,304,3,Pop-Up,6,5c525373e8fee700012f4c90,1,4,4,No,alone,5,2025-05-25 8:56:43,1,Female,32,8,FALSE,3.4,2.6,2.2,2.38,3
TRUE,TikTok,TRUE,-3,4,1,Pop-Up,6,5c525373e8fee700012f4c90,1,3,2,No,alone,6,2025-05-22 20:17:29,1,Female,32,20,TRUE,3.4,2.6,2.2,2.38,3
TRUE,TikTok,TRUE,-3,4,1,Pop-Up,6,5c525373e8fee700012f4c90,1,1,3,No,alone,4,2025-05-22 20:33:08,1,Female,32,20,TRUE,3.4,2.6,2.2,2.38,3
TRUE,TikTok,TRUE,-3,24,2,SpotOverlay,6,5c525373e8fee700012f4c90,2,3,2,No,alone,4,2025-05-25 8:33:14,2,Female,32,8,FALSE,3.2,2.6,2.2,2.38,3
TRUE,TikTok,TRUE,-3,29,2,SpotOverlay,5,5c525373e8fee700012f4c90,2,2,3,No,alone,3,2025-05-21 12:09:26,2,Female,32,12,TRUE,3.4,2.6,2.2,2.38,3
TRUE,TikTok,TRUE,-3,687,4,Pop-Up,8,5c525373e8fee700012f4c90,2,4,5,No,alone,2,2025-05-27 11:04:47,4,Female,32,11,TRUE,3.6,2.6,2.2,2.38,3
TRUE,TikTok,TRUE,-3,213,2,Pop-Up,6,5c525373e8fee700012f4c90,1,4,6,No,alone,5,2025-05-25 9:17:22,1,Female,32,9,FALSE,3.8,2.6,2.2,2.38,3
TRUE,Instagram,TRUE,-3,15,6,Pop-Up,8,5c87e674c558df0014565c72,4,6,5,No,friends,3,2025-05-26 23:11:42,6,Male,48,23,TRUE,3,2.8,2,2.23,3.8
TRUE,,TRUE,-2,7,7,Vibration,5,5c87e674c558df0014565c72,4,6,5,Yes,friends,2,2025-05-26 21:22:48,7,Male,48,21,TRUE,3,2.8,2,2.23,3.8
TRUE,,FALSE,3,88,4,Vibration,5,5c87e674c558df0014565c72,4,4,4,Yes,friends,5,2025-06-02 11:50:24,6,Male,48,11,TRUE,3.6,2.8,2,2.23,3.8
TRUE,Instagram,FALSE,2,17,5,Vibration,5,5c87e674c558df0014565c72,4,6,5,Yes,friends,4,2025-06-02 10:55:43,5,Male,48,10,TRUE,3,2.8,2,2.23,3.8
TRUE,Instagram,FALSE,1,166,5,Vibration,6,5c87e674c558df0014565c72,4,5,4,No,friends,4,2025-05-26 14:04:40,6,Male,48,14,TRUE,4,2.8,2,2.23,3.8
TRUE,YouTube,TRUE,3,95,4,Vibration,4,5cb1f7e7ed80920015be22b3,4,5,5,Yes,alone,1,2025-05-15 9:43:31,4,Male,24,9,TRUE,3.6,2.53,1.8,2.85,3.8
TRUE,YouTube,TRUE,-3,360,6,SpotOverlay,3,5cb1f7e7ed80920015be22b3,4,5,6,Yes,alone,2,2025-05-15 10:05:26,4,Male,24,10,TRUE,3.8,2.53,1.8,2.85,3.8
TRUE,YouTube,TRUE,-3,137,5,Vibration,7,5cb1f7e7ed80920015be22b3,4,5,5,Yes,alone,1,2025-05-14 23:42:52,5,Male,24,23,TRUE,3,2.53,1.8,2.85,3.8
TRUE,YouTube,TRUE,-3,87,5,Vibration,8,5cb1f7e7ed80920015be22b3,4,5,6,No,alone,2,2025-05-15 0:00:55,4,Male,24,0,TRUE,3.8,2.53,1.8,2.85,3.8
TRUE,Facebook,TRUE,2,139,4,Vibration,2,5cc020d5159f790017bee28b,3,3,2,Yes,alone,7,2025-03-28 20:58:56,4,Male,57,20,TRUE,3.4,2.47,2.2,2.15,4.2
TRUE,Instagram,TRUE,-3,7,6,Pop-Up,3,5cc020d5159f790017bee28b,3,4,5,Yes,alone,7,2025-03-24 15:38:07,7,Male,57,15,TRUE,3.4,2.47,2.2,2.15,4.2
TRUE,Facebook,TRUE,2,7,6,Pop-Up,2,5cc020d5159f790017bee28b,2,6,6,No,alone,7,2025-03-23 21:55:45,6,Male,57,21,FALSE,3.4,2.47,2.2,2.15,4.2
TRUE,YouTube,FALSE,-3,125,3,SpotOverlay,6,5cd310705882710018e544b0,4,3,3,No,alone,0,2025-05-27 23:22:58,3,Male,60,23,TRUE,4,1.8,0,3.69,2.2
TRUE,Facebook,TRUE,-2,61,4,SpotOverlay,6,5d50feca50bdcf0001e8d38a,2,4,4,No,alone,3,2025-05-31 20:09:32,7,Female,29,20,FALSE,3,3.07,1.4,2.46,3.6
TRUE,,FALSE,3,1,5,Vibration,5,5d5407dc922257000153657f,1,5,5,Yes,alone,7,2025-02-28 9:42:07,5,Female,39,9,TRUE,2.8,2.47,1.4,2.54,3.6
TRUE,,FALSE,2,2,6,Vibration,4,5d5407dc922257000153657f,2,4,4,Yes,alone,4,2025-02-27 8:33:11,7,Female,39,8,TRUE,2.8,2.47,1.4,2.54,3.6
TRUE,YouTube,TRUE,-3,269,1,SpotOverlay,6,5d7499693e40c60001081af3,2,1,1,No,alone,4,2025-06-04 13:16:31,1,Non-binary,22,13,TRUE,5,2.87,2,2.69,4.6
TRUE,YouTube,TRUE,-3,55,1,SpotOverlay,2,5d7499693e40c60001081af3,2,1,1,No,alone,2,2025-06-03 11:25:45,1,Non-binary,22,11,TRUE,5,2.87,2,2.69,4.6
TRUE,,TRUE,-3,1,4,Pop-Up,7,5d7499693e40c60001081af3,3,2,2,Yes,alone,6,2025-06-04 0:25:43,2,Non-binary,22,0,TRUE,4,2.87,2,2.69,4.6
TRUE,,TRUE,-3,0,5,Vibration,5,5d7499693e40c60001081af3,3,5,6,Yes,alone,4,2025-06-09 0:23:44,4,Non-binary,22,0,TRUE,3,2.87,2,2.69,4.6
TRUE,YouTube,TRUE,-3,15,4,Vibration,2,5d7499693e40c60001081af3,3,1,1,No,alone,0,2025-06-03 10:39:08,1,Non-binary,22,10,TRUE,5,2.87,2,2.69,4.6
TRUE,YouTube,TRUE,-3,64,1,SpotOverlay,8,5d7499693e40c60001081af3,3,1,1,No,alone,0,2025-06-08 7:34:42,1,Non-binary,22,7,FALSE,5,2.87,2,2.69,4.6
TRUE,YouTube,TRUE,-3,1320,4,Pop-Up,4,5d7499693e40c60001081af3,3,4,4,Yes,alone,0,2025-06-09 5:38:04,4,Non-binary,22,5,TRUE,4,2.87,2,2.69,4.6
TRUE,,TRUE,-3,1,4,SpotOverlay,7,5d7499693e40c60001081af3,3,4,1,Yes,alone,2,2025-06-02 15:19:19,4,Non-binary,22,15,TRUE,5,2.87,2,2.69,4.6
TRUE,YouTube,TRUE,-3,10,5,Pop-Up,8,5d7499693e40c60001081af3,3,5,7,No,alone,0,2025-06-08 7:05:38,5,Non-binary,22,7,FALSE,3,2.87,2,2.69,4.6
TRUE,YouTube,TRUE,-3,43,4,SpotOverlay,5,5d7499693e40c60001081af3,3,4,4,Yes,alone,1,2025-06-09 4:51:41,4,Non-binary,22,4,TRUE,3,2.87,2,2.69,4.6
TRUE,,TRUE,3,2,1,Vibration,6,5dc0e5d927d0520845f47856,4,1,5,Yes,alone,4,2025-04-04 22:49:02,1,Male,44,22,TRUE,5,2.67,0.8,2.85,1.8
TRUE,,TRUE,3,2,1,SpotOverlay,2,5dc0e5d927d0520845f47856,2,1,3,Yes,alone,3,2025-04-05 12:38:11,1,Male,44,12,FALSE,5,2.67,0.8,2.85,1.8
TRUE,YouTube,TRUE,3,300,1,Pop-Up,7,5dc0e5d927d0520845f47856,2,2,5,Yes,alone,5,2025-04-05 0:40:10,1,Male,44,0,FALSE,5,2.67,0.8,2.85,1.8
TRUE,YouTube,TRUE,3,228,1,Vibration,3,5dc0e5d927d0520845f47856,1,1,3,Yes,alone,3,2025-04-04 22:14:39,1,Male,44,22,TRUE,5,2.67,0.8,2.85,1.8
TRUE,,TRUE,3,1,2,Vibration,8,5dc0e5d927d0520845f47856,3,2,5,Yes,alone,3,2025-04-04 18:09:44,1,Male,44,18,TRUE,4,2.67,0.8,2.85,1.8
TRUE,YouTube,TRUE,-3,305,1,SpotOverlay,6,5dc0e5d927d0520845f47856,3,1,2,Yes,alone,0,2025-04-05 9:15:38,1,Male,44,9,FALSE,5,2.67,0.8,2.85,1.8
TRUE,YouTube,TRUE,-3,65,1,Vibration,9,5dc0e5d927d0520845f47856,1,1,1,No,alone,5,2025-04-08 4:37:08,1,Male,44,4,TRUE,5,2.67,0.8,2.85,1.8
TRUE,,TRUE,3,405,1,SpotOverlay,2,5dc0e5d927d0520845f47856,3,1,1,Yes,alone,3,2025-04-06 18:30:09,1,Male,44,18,FALSE,5,2.67,0.8,2.85,1.8
TRUE,YouTube,TRUE,1,1219,6,Pop-Up,8,5dc0e5d927d0520845f47856,4,5,6,Yes,alone,2,2025-04-04 4:28:23,6,Male,44,4,TRUE,4.2,2.67,0.8,2.85,1.8
TRUE,YouTube,TRUE,3,279,1,SpotOverlay,1,5dc0e5d927d0520845f47856,1,1,1,Yes,alone,7,2025-04-06 19:34:31,1,Male,44,19,FALSE,5,2.67,0.8,2.85,1.8
TRUE,YouTube,TRUE,3,230,1,Vibration,5,5dc0e5d927d0520845f47856,3,1,1,Yes,alone,3,2025-04-06 23:30:06,1,Male,44,23,FALSE,5,2.67,0.8,2.85,1.8
TRUE,,TRUE,3,0,1,Pop-Up,1,5dc0e5d927d0520845f47856,2,1,1,Yes,alone,4,2025-04-06 18:59:18,1,Male,44,18,FALSE,5,2.67,0.8,2.85,1.8
TRUE,,TRUE,3,0,1,Vibration,1,5dc0e5d927d0520845f47856,1,1,1,Yes,alone,4,2025-04-05 14:22:00,1,Male,44,14,FALSE,5,2.67,0.8,2.85,1.8
TRUE,YouTube,TRUE,3,151,1,SpotOverlay,2,5dc0e5d927d0520845f47856,1,1,3,Yes,alone,5,2025-04-05 14:02:38,1,Male,44,14,FALSE,5,2.67,0.8,2.85,1.8
TRUE,,TRUE,-3,27,5,SpotOverlay,2,5dc4c22f0389e438ac69eac9,3,4,4,Yes,alone,4,2025-05-22 22:11:29,5,Female,38,22,TRUE,2.8,1.73,0.6,4.23,2.2
TRUE,,FALSE,1,12,5,Vibration,1,5dc4c22f0389e438ac69eac9,4,4,5,Yes,alone,2,2025-05-27 14:18:12,6,Female,38,14,TRUE,3.2,1.73,0.6,4.23,2.2
TRUE,Instagram,TRUE,-3,142,4,SpotOverlay,6,5dea9fb3cb53ca1cda9f6116,3,2,2,No,alone,1,2025-04-03 20:06:39,3,Female,42,20,TRUE,4.2,2,2,3.38,1
TRUE,,TRUE,-2,32,4,SpotOverlay,4,5dea9fb3cb53ca1cda9f6116,3,4,4,Yes,alone,1,2025-04-06 15:11:11,5,Female,42,15,FALSE,4.4,2,2,3.38,1
TRUE,YouTube,TRUE,-2,50,4,Vibration,8,5dea9fb3cb53ca1cda9f6116,2,3,4,Yes,alone,1,2025-04-04 19:49:21,2,Female,42,19,TRUE,5,2,2,3.38,1
TRUE,,TRUE,-3,0,6,Vibration,4,5dea9fb3cb53ca1cda9f6116,3,7,6,Yes,alone,0,2025-04-05 14:51:50,6,Female,42,14,FALSE,4.8,2,2,3.38,1
TRUE,Instagram,TRUE,-3,5,6,Pop-Up,6,5dea9fb3cb53ca1cda9f6116,4,5,5,No,alone,0,2025-04-09 22:14:23,6,Female,42,22,TRUE,3.2,2,2,3.38,1
TRUE,Instagram,TRUE,-3,0,4,SpotOverlay,8,5dea9fb3cb53ca1cda9f6116,2,2,2,No,alone,1,2025-04-04 20:39:42,3,Female,42,20,TRUE,4.4,2,2,3.38,1
TRUE,,TRUE,1,0,2,Vibration,5,5dea9fb3cb53ca1cda9f6116,3,2,2,Yes,alone,5,2025-04-10 7:00:15,1,Female,42,7,TRUE,5,2,2,3.38,1
TRUE,,TRUE,-3,0,3,Vibration,8,5dea9fb3cb53ca1cda9f6116,2,4,1,Yes,alone,1,2025-04-04 19:14:55,2,Female,42,19,TRUE,4.8,2,2,3.38,1
TRUE,YouTube,TRUE,2,138,1,Pop-Up,5,5dea9fb3cb53ca1cda9f6116,3,3,4,Yes,alone,4,2025-04-10 6:40:41,1,Female,42,6,TRUE,5,2,2,3.38,1
TRUE,YouTube,TRUE,1,96,4,Vibration,8,5dea9fb3cb53ca1cda9f6116,2,3,4,Yes,alone,1,2025-04-04 19:32:37,2,Female,42,19,TRUE,5,2,2,3.38,1
TRUE,,TRUE,2,1,3,Pop-Up,5,5dea9fb3cb53ca1cda9f6116,3,3,2,Yes,alone,7,2025-04-10 7:23:20,2,Female,42,7,TRUE,5,2,2,3.38,1
TRUE,Facebook,TRUE,-1,90,3,SpotOverlay,6,5e27fa29d91131a0838c9571,2,3,3,Yes,friends,7,2025-03-12 21:22:21,3,Male,24,21,TRUE,4,2.67,1,2.62,2.2
TRUE,Facebook,TRUE,-1,9,5,Pop-Up,7,5e27fa29d91131a0838c9571,3,5,5,No,friends,3,2025-03-13 4:42:08,5,Male,24,4,TRUE,4.2,2.67,1,2.62,2.2
TRUE,Facebook,TRUE,-1,18,5,SpotOverlay,6,5e27fa29d91131a0838c9571,3,5,5,No,alone,3,2025-03-14 8:09:54,3,Male,24,8,TRUE,4,2.67,1,2.62,2.2
TRUE,Facebook,TRUE,-1,32,5,Pop-Up,6,5e27fa29d91131a0838c9571,3,5,6,Yes,friends,3,2025-03-13 6:09:49,5,Male,24,6,TRUE,4,2.67,1,2.62,2.2
TRUE,Facebook,TRUE,-1,5,5,Pop-Up,5,5e27fa29d91131a0838c9571,4,6,6,Yes,friends,3,2025-03-19 13:06:55,5,Male,24,13,TRUE,4,2.67,1,2.62,2.2
TRUE,Facebook,TRUE,-1,6,5,Pop-Up,6,5e27fa29d91131a0838c9571,3,5,5,No,friends,3,2025-03-13 5:33:44,5,Male,24,5,TRUE,4,2.67,1,2.62,2.2
TRUE,Facebook,TRUE,-2,28,5,SpotOverlay,7,5e27fa29d91131a0838c9571,3,4,4,No,friends,4,2025-03-13 4:23:22,4,Male,24,4,TRUE,4,2.67,1,2.62,2.2
TRUE,,TRUE,-3,0,6,Pop-Up,3,5e30a2a67dcb99000d808814,5,6,6,Yes,alone,0,2025-06-09 0:39:10,4,Male,31,0,TRUE,4.2,1.8,1.6,3.92,1.4
TRUE,,TRUE,-3,5,5,Pop-Up,1,5e30a2a67dcb99000d808814,5,6,7,Yes,friends,0,2025-06-09 18:03:44,6,Male,31,18,TRUE,4.2,1.8,1.6,3.92,1.4
TRUE,,TRUE,2,0,3,Vibration,7,5e30a2a67dcb99000d808814,3,3,3,No,alone,0,2025-06-05 4:09:24,5,Male,31,4,TRUE,3.6,1.8,1.6,3.92,1.4
TRUE,TikTok,TRUE,1,37,5,SpotOverlay,2,5e30a2a67dcb99000d808814,5,4,4,No,alone,3,2025-06-09 16:26:32,6,Male,31,16,TRUE,3.8,1.8,1.6,3.92,1.4
TRUE,Facebook,TRUE,-3,18,5,Pop-Up,7,5e30a2a67dcb99000d808814,5,4,7,No,alone,0,2025-06-08 4:32:17,5,Male,31,4,FALSE,4,1.8,1.6,3.92,1.4
TRUE,,TRUE,3,2,5,Pop-Up,2,5e30a2a67dcb99000d808814,5,5,3,Yes,alone,0,2025-06-04 23:36:30,5,Male,31,23,TRUE,3.8,1.8,1.6,3.92,1.4
TRUE,,TRUE,-3,25,4,SpotOverlay,3,5e30a2a67dcb99000d808814,5,2,1,Yes,alone,0,2025-06-07 1:12:22,4,Male,31,1,FALSE,4,1.8,1.6,3.92,1.4
TRUE,,TRUE,-2,0,4,Pop-Up,8,5e53b07f83c96c3ad4f34751,3,4,6,No,alone,5,2025-02-28 19:51:46,5,Male,52,19,TRUE,4,2.33,0.4,3.54,1.4
TRUE,TikTok,TRUE,-3,46,1,Vibration,7,5e53e8d0a0002e3ee42be086,3,1,2,No,alone,1,2025-03-23 3:18:04,1,Female,30,3,FALSE,5,2,1,3.31,3.4
TRUE,TikTok,TRUE,-3,5,3,Pop-Up,5,5e53e8d0a0002e3ee42be086,3,4,3,No,friends,3,2025-03-19 1:46:42,1,Female,30,1,TRUE,4.4,2,1,3.31,3.4
TRUE,TikTok,TRUE,-3,24,1,SpotOverlay,3,5e53e8d0a0002e3ee42be086,2,1,1,Yes,friends,7,2025-03-25 4:33:16,1,Female,30,4,TRUE,5,2,1,3.31,3.4
TRUE,TikTok,TRUE,-3,58,1,Vibration,7,5e53e8d0a0002e3ee42be086,3,1,3,No,friends,1,2025-03-23 4:02:47,1,Female,30,4,FALSE,5,2,1,3.31,3.4
TRUE,TikTok,TRUE,-3,2,1,Pop-Up,7,5e53e8d0a0002e3ee42be086,3,1,1,No,friends,1,2025-03-23 4:18:23,1,Female,30,4,FALSE,5,2,1,3.31,3.4
TRUE,TikTok,TRUE,-3,32,1,SpotOverlay,5,5e53e8d0a0002e3ee42be086,3,1,2,No,friends,2,2025-03-23 2:35:49,1,Female,30,2,FALSE,5,2,1,3.31,3.4
TRUE,TikTok,TRUE,-3,29,1,Vibration,5,5e53e8d0a0002e3ee42be086,3,1,1,No,friends,2,2025-03-24 5:36:56,1,Female,30,5,TRUE,5,2,1,3.31,3.4
TRUE,TikTok,TRUE,-3,7,2,Vibration,6,5e53e8d0a0002e3ee42be086,3,5,5,No,friends,2,2025-03-22 5:54:38,1,Female,30,5,FALSE,5,2,1,3.31,3.4
TRUE,TikTok,TRUE,-3,7,4,Vibration,6,5e53e8d0a0002e3ee42be086,3,2,4,No,friends,2,2025-03-20 5:09:31,1,Female,30,5,TRUE,5,2,1,3.31,3.4
TRUE,TikTok,TRUE,-3,7,4,Vibration,8,5e53e8d0a0002e3ee42be086,3,2,4,No,friends,2,2025-03-21 6:44:08,1,Female,30,6,TRUE,5,2,1,3.31,3.4
TRUE,TikTok,TRUE,-3,17,1,SpotOverlay,8,5e53e8d0a0002e3ee42be086,3,1,2,No,alone,1,2025-03-23 3:34:07,1,Female,30,3,FALSE,5,2,1,3.31,3.4
TRUE,TikTok,TRUE,-3,12,1,SpotOverlay,6,5e53e8d0a0002e3ee42be086,3,1,1,No,friends,1,2025-03-23 2:51:34,1,Female,30,2,FALSE,5,2,1,3.31,3.4
TRUE,TikTok,TRUE,-3,2,1,Pop-Up,6,5e53e8d0a0002e3ee42be086,3,1,1,No,friends,2,2025-03-24 5:58:19,1,Female,30,5,TRUE,5,2,1,3.31,3.4
TRUE,TikTok,TRUE,-3,2,1,Pop-Up,7,5e53e8d0a0002e3ee42be086,3,1,1,No,friends,2,2025-03-24 6:51:51,1,Female,30,6,TRUE,5,2,1,3.31,3.4
TRUE,TikTok,TRUE,-3,2,2,Pop-Up,7,5e53e8d0a0002e3ee42be086,3,1,4,No,friends,2,2025-03-22 6:44:00,1,Female,30,6,FALSE,5,2,1,3.31,3.4
TRUE,TikTok,TRUE,-3,2,1,Pop-Up,6,5e53e8d0a0002e3ee42be086,3,1,1,No,friends,1,2025-03-24 6:19:02,1,Female,30,6,TRUE,5,2,1,3.31,3.4
TRUE,,TRUE,1,0,5,Pop-Up,1,5e53e8d0a0002e3ee42be086,3,1,4,Yes,alone,4,2025-03-19 20:40:05,1,Female,30,20,TRUE,4.6,2,1,3.31,3.4
TRUE,YouTube,TRUE,1,1,4,Vibration,1,5e53e8d0a0002e3ee42be086,4,3,5,Yes,alone,5,2025-03-19 20:23:41,1,Female,30,20,TRUE,4.8,2,1,3.31,3.4
TRUE,TikTok,TRUE,-3,1,1,Pop-Up,6,5e53e8d0a0002e3ee42be086,3,1,1,No,friends,1,2025-03-24 6:34:37,1,Female,30,6,TRUE,5,2,1,3.31,3.4
TRUE,TikTok,TRUE,-3,39,1,SpotOverlay,7,5e53e8d0a0002e3ee42be086,3,1,3,No,friends,2,2025-03-22 7:00:25,1,Female,30,7,FALSE,5,2,1,3.31,3.4
TRUE,TikTok,TRUE,-3,11,1,SpotOverlay,6,5e53e8d0a0002e3ee42be086,3,1,1,No,alone,4,2025-03-25 5:33:29,1,Female,30,5,TRUE,5,2,1,3.31,3.4
TRUE,TikTok,TRUE,-3,54,6,Pop-Up,5,5e5ca080bb37ff47b09dd4cc,4,4,5,No,alone,0,2025-06-05 18:33:58,6,Female,30,18,TRUE,4,2.67,1.8,2.92,2.4
TRUE,TikTok,TRUE,-3,9,6,Pop-Up,5,5e5ca080bb37ff47b09dd4cc,3,4,4,No,alone,0,2025-06-07 14:53:23,6,Female,30,14,FALSE,4,2.67,1.8,2.92,2.4
TRUE,TikTok,TRUE,-3,3,5,Pop-Up,9,5e5ca080bb37ff47b09dd4cc,3,3,3,No,alone,0,2025-06-08 10:18:38,5,Female,30,10,FALSE,4,2.67,1.8,2.92,2.4
TRUE,TikTok,TRUE,-3,10,5,Vibration,3,5e5ca080bb37ff47b09dd4cc,3,3,3,No,alone,0,2025-06-07 22:35:00,5,Female,30,22,FALSE,4,2.67,1.8,2.92,2.4
TRUE,TikTok,TRUE,-3,43,5,Vibration,5,5e5ca080bb37ff47b09dd4cc,3,4,5,Yes,alone,0,2025-06-04 20:19:35,5,Female,30,20,TRUE,4,2.67,1.8,2.92,2.4
TRUE,,TRUE,2,0,4,Pop-Up,1,5e74ff093115e00576f0187c,3,4,4,Yes,alone,3,2025-06-06 4:52:55,4,Male,37,4,TRUE,3.4,2.6,1.4,2.31,2.4
TRUE,Instagram,TRUE,-2,8,5,Vibration,5,5e8cf14c0bec230b335e060d,3,4,5,No,alone,5,2025-03-23 7:32:06,5,Female,49,7,FALSE,3.4,1.93,1.4,3.92,3.6
TRUE,Facebook,TRUE,2,20,4,Vibration,5,5ec45929c1172f33f0a9d331,4,4,5,Yes,alone,0,2025-03-25 10:34:16,5,Female,44,10,TRUE,4,1.8,0,4.69,1.6
TRUE,YouTube,TRUE,0,53,7,Vibration,6,5edbd55ddc4bc508d77f8e41,3,6,2,Yes,alone,5,2025-05-29 12:05:03,6,Male,36,12,TRUE,2.2,3.13,2,1.85,4.2
TRUE,,TRUE,-3,0,6,Vibration,1,5edbd55ddc4bc508d77f8e41,4,6,5,Yes,alone,1,2025-06-01 11:31:54,6,Male,36,11,FALSE,3,3.13,2,1.85,4.2
TRUE,,TRUE,-3,19,7,Pop-Up,3,5edbd55ddc4bc508d77f8e41,3,4,6,Yes,alone,1,2025-05-27 20:50:00,6,Male,36,20,TRUE,3,3.13,2,1.85,4.2
TRUE,YouTube,TRUE,-2,1375,6,Pop-Up,4,5edbd55ddc4bc508d77f8e41,3,6,6,No,alone,1,2025-06-03 17:05:46,6,Male,36,17,TRUE,2.4,3.13,2,1.85,4.2
TRUE,,TRUE,-3,0,5,SpotOverlay,5,5edbd55ddc4bc508d77f8e41,3,3,6,No,alone,1,2025-06-03 19:03:18,4,Male,36,19,TRUE,2.4,3.13,2,1.85,4.2
TRUE,,TRUE,-2,0,6,SpotOverlay,1,5edbd55ddc4bc508d77f8e41,4,6,5,Yes,friends,1,2025-06-03 11:10:43,6,Male,36,11,TRUE,2.6,3.13,2,1.85,4.2
TRUE,,TRUE,-3,0,6,Pop-Up,5,5edbd55ddc4bc508d77f8e41,3,4,4,No,alone,1,2025-06-03 19:20:35,5,Male,36,19,TRUE,2.4,3.13,2,1.85,4.2
TRUE,,TRUE,-3,4,5,Vibration,1,5edbd55ddc4bc508d77f8e41,4,4,6,Yes,alone,1,2025-05-29 15:21:34,4,Male,36,15,TRUE,3.4,3.13,2,1.85,4.2
TRUE,,TRUE,-2,0,6,Pop-Up,5,5edbd55ddc4bc508d77f8e41,4,6,6,Yes,friends,1,2025-06-03 17:51:39,6,Male,36,17,TRUE,2.4,3.13,2,1.85,4.2
TRUE,YouTube,TRUE,-1,38,6,SpotOverlay,1,5edbd55ddc4bc508d77f8e41,3,6,2,Yes,friends,1,2025-06-03 10:38:59,6,Male,36,10,TRUE,2,3.13,2,1.85,4.2
TRUE,YouTube,TRUE,-3,86,6,SpotOverlay,5,5edbd55ddc4bc508d77f8e41,4,6,6,No,alone,1,2025-06-03 18:42:28,6,Male,36,18,TRUE,2.4,3.13,2,1.85,4.2
TRUE,YouTube,TRUE,-2,44,6,SpotOverlay,4,5edbd55ddc4bc508d77f8e41,3,6,6,Yes,friends,1,2025-06-03 16:07:23,6,Male,36,16,TRUE,2.4,3.13,2,1.85,4.2
TRUE,YouTube,TRUE,-3,0,4,Pop-Up,1,5edbd55ddc4bc508d77f8e41,4,4,6,Yes,alone,1,2025-05-29 15:03:02,3,Male,36,15,TRUE,3.8,3.13,2,1.85,4.2
TRUE,YouTube,TRUE,1,708,6,SpotOverlay,5,5edbd55ddc4bc508d77f8e41,3,6,3,No,alone,1,2025-06-02 12:45:17,6,Male,36,12,TRUE,2,3.13,2,1.85,4.2
TRUE,YouTube,TRUE,-3,0,4,SpotOverlay,1,5edbd55ddc4bc508d77f8e41,4,3,6,Yes,alone,1,2025-05-29 14:40:00,3,Male,36,14,TRUE,4,3.13,2,1.85,4.2
TRUE,YouTube,TRUE,-3,115,6,Pop-Up,1,5edbd55ddc4bc508d77f8e41,4,6,6,Yes,friends,1,2025-06-01 11:50:37,6,Male,36,11,FALSE,3.2,3.13,2,1.85,4.2
TRUE,,TRUE,-2,0,6,Pop-Up,7,5edbd55ddc4bc508d77f8e41,4,6,4,No,alone,1,2025-05-29 13:37:46,6,Male,36,13,TRUE,2.2,3.13,2,1.85,4.2
TRUE,,TRUE,-3,0,6,Pop-Up,1,5edbd55ddc4bc508d77f8e41,4,6,6,No,alone,1,2025-06-03 12:29:13,5,Male,36,12,TRUE,2.6,3.13,2,1.85,4.2
TRUE,TikTok,TRUE,-3,137,3,Vibration,1,5edeea354d54cb1a825aa8f9,1,2,2,Yes,friends,4,2025-02-21 20:27:33,1,Male,47,20,TRUE,4,1.53,0,4.38,1.8
TRUE,TikTok,TRUE,-3,64,3,SpotOverlay,1,5edeea354d54cb1a825aa8f9,3,3,3,No,friends,5,2025-02-22 23:43:42,2,Male,47,23,FALSE,4.6,1.53,0,4.38,1.8
TRUE,TikTok,TRUE,-1,11,4,Pop-Up,6,5edeea354d54cb1a825aa8f9,3,4,4,No,alone,4,2025-02-22 4:50:10,4,Male,47,4,FALSE,4,1.53,0,4.38,1.8
TRUE,,TRUE,-3,2,3,Pop-Up,1,5edeea354d54cb1a825aa8f9,2,2,2,Yes,friends,3,2025-02-24 22:48:21,2,Male,47,22,TRUE,4,1.53,0,4.38,1.8
TRUE,Instagram,TRUE,-3,28,4,Pop-Up,5,5edeea354d54cb1a825aa8f9,3,4,3,Yes,friends,3,2025-02-23 7:01:40,3,Male,47,7,FALSE,4,1.53,0,4.38,1.8
TRUE,,TRUE,-3,3,2,Vibration,1,5edeea354d54cb1a825aa8f9,1,1,1,Yes,alone,7,2025-02-22 18:41:47,1,Male,47,18,FALSE,4.6,1.53,0,4.38,1.8
TRUE,Facebook,TRUE,-2,214,3,Vibration,3,5edeea354d54cb1a825aa8f9,2,3,4,Yes,friends,4,2025-02-23 7:38:30,3,Male,47,7,FALSE,4,1.53,0,4.38,1.8
TRUE,YouTube,TRUE,-2,590,4,Vibration,6,5edeea354d54cb1a825aa8f9,3,4,4,No,alone,5,2025-02-24 3:57:24,5,Male,47,3,TRUE,3,1.53,0,4.38,1.8
TRUE,TikTok,TRUE,-3,149,2,Vibration,2,5edeea354d54cb1a825aa8f9,2,2,3,No,alone,4,2025-02-24 23:55:42,2,Male,47,23,TRUE,4,1.53,0,4.38,1.8
TRUE,Facebook,TRUE,-1,75,4,SpotOverlay,6,5edeea354d54cb1a825aa8f9,3,4,4,No,alone,2,2025-02-23 2:50:35,4,Male,47,2,FALSE,3,1.53,0,4.38,1.8
TRUE,,TRUE,-1,244,3,SpotOverlay,1,5edeea354d54cb1a825aa8f9,3,3,3,Yes,alone,3,2025-02-26 23:11:22,4,Male,47,23,TRUE,4,1.53,0,4.38,1.8
TRUE,TikTok,TRUE,-3,294,2,SpotOverlay,1,5edeea354d54cb1a825aa8f9,2,1,1,No,friends,7,2025-02-20 20:13:21,1,Male,47,20,TRUE,4.6,1.53,0,4.38,1.8
TRUE,YouTube,TRUE,0,25,4,Pop-Up,3,5edeea354d54cb1a825aa8f9,3,4,4,Yes,friends,4,2025-02-26 23:34:18,3,Male,47,23,TRUE,4,1.53,0,4.38,1.8
TRUE,TikTok,TRUE,-3,253,3,Vibration,1,5edeea354d54cb1a825aa8f9,2,3,3,Yes,friends,5,2025-02-24 21:02:32,2,Male,47,21,TRUE,4,1.53,0,4.38,1.8
TRUE,TikTok,TRUE,-3,14,4,Pop-Up,4,5edeea354d54cb1a825aa8f9,3,4,4,No,alone,3,2025-02-20 1:21:37,5,Male,47,1,TRUE,4,1.53,0,4.38,1.8
TRUE,TikTok,TRUE,-3,126,3,Pop-Up,1,5edeea354d54cb1a825aa8f9,2,3,2,Yes,friends,3,2025-02-24 22:28:23,4,Male,47,22,TRUE,3.6,1.53,0,4.38,1.8
TRUE,TikTok,TRUE,-1,1209,4,Pop-Up,5,5edeea354d54cb1a825aa8f9,4,4,4,Yes,friends,1,2025-02-21 1:34:16,5,Male,47,1,TRUE,3.4,1.53,0,4.38,1.8
TRUE,YouTube,TRUE,0,47,4,SpotOverlay,4,5edeea354d54cb1a825aa8f9,3,4,4,No,alone,2,2025-02-24 3:30:37,5,Male,47,3,TRUE,3,1.53,0,4.38,1.8
TRUE,,TRUE,-2,1,3,Vibration,4,5edeea354d54cb1a825aa8f9,3,3,1,Yes,friends,6,2025-02-20 23:38:03,3,Male,47,23,TRUE,4.8,1.53,0,4.38,1.8
TRUE,TikTok,TRUE,0,13,4,Pop-Up,1,5edeea354d54cb1a825aa8f9,3,4,4,No,friends,2,2025-02-23 20:51:56,3,Male,47,20,FALSE,3,1.53,0,4.38,1.8
TRUE,TikTok,TRUE,-3,27,3,SpotOverlay,1,5edeea354d54cb1a825aa8f9,2,2,2,Yes,friends,5,2025-02-26 21:10:40,1,Male,47,21,TRUE,4,1.53,0,4.38,1.8
TRUE,TikTok,TRUE,-3,56,4,Vibration,1,5edeea354d54cb1a825aa8f9,3,4,6,Yes,friends,2,2025-02-25 22:09:53,3,Male,47,22,TRUE,5,1.53,0,4.38,1.8
TRUE,,TRUE,-3,170,2,SpotOverlay,1,5edeea354d54cb1a825aa8f9,2,3,2,Yes,friends,4,2025-02-25 21:53:06,2,Male,47,21,TRUE,4,1.53,0,4.38,1.8
TRUE,TikTok,TRUE,-1,66,3,Pop-Up,2,5edeea354d54cb1a825aa8f9,2,3,3,No,alone,6,2025-02-21 6:06:07,2,Male,47,6,TRUE,4,1.53,0,4.38,1.8
TRUE,TikTok,TRUE,-3,7,2,Pop-Up,1,5edeea354d54cb1a825aa8f9,2,2,1,Yes,friends,5,2025-02-26 20:40:58,3,Male,47,20,TRUE,4,1.53,0,4.38,1.8
TRUE,TikTok,TRUE,1,13,3,Pop-Up,1,5edeea354d54cb1a825aa8f9,4,5,4,Yes,friends,0,2025-02-24 6:52:21,6,Male,47,6,TRUE,3.2,1.53,0,4.38,1.8
TRUE,TikTok,TRUE,0,147,3,Vibration,5,5edeea354d54cb1a825aa8f9,3,4,4,No,alone,4,2025-02-23 6:39:02,4,Male,47,6,FALSE,4,1.53,0,4.38,1.8
TRUE,Facebook,FALSE,0,604,5,Vibration,1,5edeea354d54cb1a825aa8f9,4,6,2,Yes,friends,0,2025-02-23 19:17:22,6,Male,47,19,FALSE,2.6,1.53,0,4.38,1.8
TRUE,,TRUE,-1,21,3,Vibration,4,5edeea354d54cb1a825aa8f9,2,2,3,No,alone,5,2025-02-22 1:19:35,1,Male,47,1,FALSE,4.6,1.53,0,4.38,1.8
TRUE,TikTok,TRUE,-3,106,2,Vibration,2,5edeea354d54cb1a825aa8f9,2,3,2,No,alone,6,2025-02-20 0:57:56,1,Male,47,0,TRUE,4.4,1.53,0,4.38,1.8
TRUE,TikTok,TRUE,0,25,4,SpotOverlay,2,5edeea354d54cb1a825aa8f9,3,4,4,No,friends,2,2025-02-23 0:08:26,4,Male,47,0,FALSE,4,1.53,0,4.38,1.8
TRUE,,TRUE,2,1,7,Vibration,3,5ef39c45c154ff120c5e84b8,4,7,7,Yes,alone,1,2025-03-14 10:29:49,7,Male,39,10,TRUE,3,3,0.2,2.54,1.4
TRUE,TikTok,TRUE,-2,4106,7,Vibration,8,5ef39c45c154ff120c5e84b8,4,7,7,Yes,alone,1,2025-03-12 0:50:53,7,Male,39,0,TRUE,3,3,0.2,2.54,1.4
TRUE,TikTok,TRUE,0,121,2,SpotOverlay,4,5ef39c45c154ff120c5e84b8,4,2,3,No,alone,3,2025-03-11 17:24:29,2,Male,39,17,TRUE,3,3,0.2,2.54,1.4
TRUE,TikTok,TRUE,1,27,2,SpotOverlay,2,5ef39c45c154ff120c5e84b8,3,2,2,Yes,alone,3,2025-03-11 9:08:18,2,Male,39,9,TRUE,3,3,0.2,2.54,1.4
TRUE,TikTok,TRUE,1,104,2,SpotOverlay,2,5ef39c45c154ff120c5e84b8,3,3,3,Yes,alone,1,2025-03-13 8:51:06,2,Male,39,8,TRUE,3,3,0.2,2.54,1.4
TRUE,TikTok,TRUE,2,143,7,Pop-Up,6,5ef39c45c154ff120c5e84b8,4,7,7,Yes,alone,2,2025-03-13 18:43:24,7,Male,39,18,TRUE,4,3,0.2,2.54,1.4
TRUE,TikTok,TRUE,2,12,7,Vibration,3,5ef39c45c154ff120c5e84b8,4,7,7,Yes,alone,3,2025-03-10 17:49:17,7,Male,39,17,TRUE,1.8,3,0.2,2.54,1.4
TRUE,TikTok,TRUE,1,11,7,Vibration,9,5ef39c45c154ff120c5e84b8,4,7,7,No,alone,5,2025-03-13 3:02:26,7,Male,39,3,TRUE,3,3,0.2,2.54,1.4
TRUE,TikTok,TRUE,2,541,7,Vibration,6,5ef39c45c154ff120c5e84b8,5,7,7,Yes,alone,3,2025-03-10 19:30:31,7,Male,39,19,TRUE,3.2,3,0.2,2.54,1.4
TRUE,,TRUE,1,0,2,SpotOverlay,6,5ef39c45c154ff120c5e84b8,3,2,2,Yes,alone,3,2025-03-13 22:46:23,2,Male,39,22,TRUE,3,3,0.2,2.54,1.4
TRUE,TikTok,TRUE,1,151,7,Pop-Up,3,5ef39c45c154ff120c5e84b8,4,7,7,No,alone,2,2025-03-10 13:27:45,7,Male,39,13,TRUE,3.2,3,0.2,2.54,1.4
TRUE,TikTok,TRUE,-2,57,2,SpotOverlay,8,5ef39c45c154ff120c5e84b8,3,2,2,Yes,alone,4,2025-03-13 6:48:06,2,Male,39,6,TRUE,3,3,0.2,2.54,1.4
TRUE,TikTok,TRUE,-3,44,2,SpotOverlay,9,5ef39c45c154ff120c5e84b8,2,2,2,No,alone,0,2025-03-15 5:50:41,2,Male,39,5,FALSE,3,3,0.2,2.54,1.4
TRUE,TikTok,TRUE,-3,3,7,Pop-Up,9,5ef39c45c154ff120c5e84b8,3,7,7,No,alone,1,2025-03-12 7:13:31,7,Male,39,7,TRUE,4,3,0.2,2.54,1.4
TRUE,TikTok,TRUE,-2,7,7,Vibration,8,5ef39c45c154ff120c5e84b8,4,7,7,No,alone,2,2025-03-11 6:13:17,7,Male,39,6,TRUE,3,3,0.2,2.54,1.4
TRUE,TikTok,TRUE,-2,12,7,Vibration,7,5ef39c45c154ff120c5e84b8,3,7,7,No,alone,1,2025-03-11 5:56:55,7,Male,39,5,TRUE,3,3,0.2,2.54,1.4
TRUE,TikTok,TRUE,-1,61,3,SpotOverlay,8,5ef39c45c154ff120c5e84b8,3,3,3,Yes,alone,2,2025-03-10 23:32:43,3,Male,39,23,TRUE,4,3,0.2,2.54,1.4
TRUE,TikTok,TRUE,1,3,7,Pop-Up,2,5ef39c45c154ff120c5e84b8,4,7,7,No,alone,2,2025-03-10 16:06:15,7,Male,39,16,TRUE,2,3,0.2,2.54,1.4
TRUE,TikTok,TRUE,-2,10,7,Pop-Up,8,5ef39c45c154ff120c5e84b8,4,7,7,No,alone,2,2025-03-11 5:40:36,7,Male,39,5,TRUE,3,3,0.2,2.54,1.4
TRUE,TikTok,TRUE,2,4,7,Pop-Up,4,5ef39c45c154ff120c5e84b8,3,7,7,Yes,alone,4,2025-03-15 6:06:31,7,Male,39,6,FALSE,3,3,0.2,2.54,1.4
TRUE,TikTok,TRUE,-2,161,2,SpotOverlay,6,5ef39c45c154ff120c5e84b8,3,2,1,No,alone,6,2025-03-10 8:28:26,3,Male,39,8,TRUE,4.4,3,0.2,2.54,1.4
TRUE,TikTok,TRUE,-1,25,3,Vibration,6,5ef39c45c154ff120c5e84b8,3,3,3,No,alone,0,2025-03-10 1:26:50,2,Male,39,1,TRUE,3,3,0.2,2.54,1.4
TRUE,TikTok,TRUE,2,57,2,SpotOverlay,3,5ef39c45c154ff120c5e84b8,3,2,2,Yes,alone,3,2025-03-13 15:49:03,2,Male,39,15,TRUE,2,3,0.2,2.54,1.4
TRUE,TikTok,TRUE,-3,4,7,Pop-Up,9,5ef39c45c154ff120c5e84b8,3,7,7,No,alone,0,2025-03-15 6:06:31,7,Male,39,6,FALSE,3,3,0.2,2.54,1.4
TRUE,TikTok,TRUE,-2,7,7,Vibration,8,5ef39c45c154ff120c5e84b8,4,7,7,No,alone,2,2025-03-14 7:21:42,7,Male,39,7,TRUE,3,3,0.2,2.54,1.4
TRUE,TikTok,TRUE,-3,17,7,Vibration,8,5ef39c45c154ff120c5e84b8,3,7,7,No,alone,1,2025-03-14 7:05:49,7,Male,39,7,TRUE,3,3,0.2,2.54,1.4
TRUE,YouTube,FALSE,-3,1002,4,Pop-Up,7,5ef78f819d93424af2af742b,4,4,5,No,friends,4,2025-03-05 2:09:58,3,Male,43,2,TRUE,4.4,1.87,2,3.62,3.4
TRUE,Instagram,TRUE,-3,0,2,Vibration,7,5ef78f819d93424af2af742b,4,3,5,No,alone,3,2025-02-28 5:22:35,2,Male,43,5,TRUE,4.4,1.87,2,3.62,3.4
TRUE,,TRUE,-2,1721,2,Pop-Up,6,5ef78f819d93424af2af742b,4,4,1,Yes,alone,2,2025-03-03 6:40:50,4,Male,43,6,TRUE,4.4,1.87,2,3.62,3.4
TRUE,,TRUE,0,222,1,Pop-Up,2,5f054612945c5584be475507,3,4,7,Yes,friends,1,2025-05-23 10:19:51,1,Female,37,10,TRUE,5,2.27,1,3.77,1
TRUE,,TRUE,0,4,4,Vibration,1,5f054612945c5584be475507,3,4,7,Yes,alone,3,2025-05-26 15:19:25,1,Female,37,15,TRUE,5,2.27,1,3.77,1
TRUE,,TRUE,-3,12,4,Vibration,6,5f054612945c5584be475507,3,4,7,No,alone,0,2025-05-22 0:01:29,1,Female,37,0,TRUE,4.2,2.27,1,3.77,1
TRUE,,TRUE,0,4,4,Pop-Up,4,5f054612945c5584be475507,3,4,7,Yes,alone,1,2025-05-24 9:10:11,1,Female,37,9,FALSE,5,2.27,1,3.77,1
TRUE,,TRUE,-2,89,4,Pop-Up,5,5f054612945c5584be475507,3,4,7,Yes,alone,1,2025-05-25 17:10:53,1,Female,37,17,FALSE,5,2.27,1,3.77,1
TRUE,,TRUE,0,0,4,Pop-Up,2,5f054612945c5584be475507,3,4,7,Yes,alone,3,2025-05-25 15:49:39,1,Female,37,15,FALSE,5,2.27,1,3.77,1
TRUE,,TRUE,-1,2,4,Pop-Up,3,5f054612945c5584be475507,3,4,7,No,alone,3,2025-05-27 19:36:30,1,Female,37,19,TRUE,5,2.27,1,3.77,1
TRUE,,TRUE,3,1,4,SpotOverlay,8,5f054612945c5584be475507,3,7,7,No,alone,0,2025-05-22 4:11:38,1,Female,37,4,TRUE,5,2.27,1,3.77,1
TRUE,,TRUE,-3,17,5,Vibration,1,5f111456d672e8471ca03f46,3,5,5,No,alone,6,2025-05-25 3:01:33,1,Female,38,3,FALSE,4,1.6,1.8,4,2.8
TRUE,TikTok,TRUE,1,1,5,Pop-Up,6,5f68e47097de38085d5f2284,4,5,4,No,alone,4,2025-05-27 11:18:44,3,Male,18,11,TRUE,2.8,2.4,1.6,2.31,1.8
TRUE,TikTok,TRUE,1,8,5,Pop-Up,4,5f68e47097de38085d5f2284,4,5,7,Yes,alone,5,2025-05-26 19:50:12,6,Male,18,19,TRUE,3,2.4,1.6,2.31,1.8
TRUE,,TRUE,0,41,4,SpotOverlay,2,5f68e47097de38085d5f2284,4,3,4,Yes,alone,5,2025-05-25 13:23:32,6,Male,18,13,FALSE,2.8,2.4,1.6,2.31,1.8
TRUE,,TRUE,-2,2,4,Vibration,3,5f68e47097de38085d5f2284,4,5,3,Yes,alone,4,2025-05-23 14:30:18,3,Male,18,14,TRUE,3.6,2.4,1.6,2.31,1.8
TRUE,TikTok,TRUE,-2,2,6,Pop-Up,7,5f68e47097de38085d5f2284,3,4,4,No,alone,4,2025-05-26 21:54:23,4,Male,18,21,TRUE,3,2.4,1.6,2.31,1.8
TRUE,TikTok,TRUE,-3,5,4,Pop-Up,6,5f68e47097de38085d5f2284,4,6,7,No,alone,3,2025-05-23 21:56:17,5,Male,18,21,TRUE,2.8,2.4,1.6,2.31,1.8
TRUE,TikTok,TRUE,-3,2,5,Pop-Up,4,5f68e47097de38085d5f2284,3,4,6,No,alone,4,2025-05-25 15:19:48,5,Male,18,15,FALSE,3.2,2.4,1.6,2.31,1.8
TRUE,TikTok,TRUE,1,13,4,Vibration,6,5f68e47097de38085d5f2284,3,4,5,No,alone,4,2025-05-26 12:45:17,5,Male,18,12,TRUE,2.8,2.4,1.6,2.31,1.8
TRUE,TikTok,TRUE,2,2,6,Pop-Up,5,5f68e47097de38085d5f2284,3,4,6,Yes,alone,5,2025-05-27 17:53:50,6,Male,18,17,TRUE,2.6,2.4,1.6,2.31,1.8
TRUE,TikTok,TRUE,1,3,4,Pop-Up,6,5f68e47097de38085d5f2284,4,5,7,No,alone,4,2025-05-28 12:12:07,2,Male,18,12,TRUE,2.8,2.4,1.6,2.31,1.8
TRUE,TikTok,TRUE,-3,49,5,SpotOverlay,4,5f68e47097de38085d5f2284,3,4,4,No,alone,6,2025-05-27 18:41:37,3,Male,18,18,TRUE,2.8,2.4,1.6,2.31,1.8
TRUE,,TRUE,-1,10,4,Vibration,3,5f68e47097de38085d5f2284,4,4,5,Yes,alone,5,2025-05-25 12:53:18,3,Male,18,12,FALSE,3.2,2.4,1.6,2.31,1.8
TRUE,,TRUE,-3,34,4,Vibration,5,5f68e47097de38085d5f2284,5,5,5,Yes,friends,4,2025-05-22 20:53:06,3,Male,18,20,TRUE,3.8,2.4,1.6,2.31,1.8
TRUE,,TRUE,0,1,4,SpotOverlay,3,5f68e47097de38085d5f2284,4,6,6,Yes,friends,4,2025-05-23 18:02:02,3,Male,18,18,TRUE,3.4,2.4,1.6,2.31,1.8
TRUE,,TRUE,0,35,4,SpotOverlay,3,5f68e47097de38085d5f2284,4,5,5,Yes,alone,4,2025-05-25 12:22:26,3,Male,18,12,FALSE,3.6,2.4,1.6,2.31,1.8
TRUE,TikTok,TRUE,-3,9,5,Pop-Up,7,5f68e47097de38085d5f2284,4,4,6,No,alone,5,2025-05-28 21:03:18,5,Male,18,21,TRUE,2.8,2.4,1.6,2.31,1.8
TRUE,TikTok,TRUE,-3,48,3,SpotOverlay,7,5f68e47097de38085d5f2284,4,4,3,No,friends,3,2025-05-23 23:22:14,3,Male,18,23,TRUE,3.2,2.4,1.6,2.31,1.8
TRUE,,TRUE,0,2,3,Pop-Up,3,5f68e47097de38085d5f2284,3,4,6,Yes,alone,4,2025-05-25 14:29:26,1,Male,18,14,FALSE,3,2.4,1.6,2.31,1.8
TRUE,TikTok,TRUE,-3,27,4,Pop-Up,6,5f68e47097de38085d5f2284,4,2,6,No,alone,4,2025-05-26 21:38:37,4,Male,18,21,TRUE,3,2.4,1.6,2.31,1.8
TRUE,TikTok,TRUE,2,10,4,Vibration,4,5f68e47097de38085d5f2284,4,3,4,Yes,friends,4,2025-05-28 12:28:17,3,Male,18,12,TRUE,2.8,2.4,1.6,2.31,1.8
TRUE,,TRUE,0,3,4,Pop-Up,5,5f68e47097de38085d5f2284,3,4,4,Yes,alone,5,2025-05-26 22:10:39,2,Male,18,22,TRUE,3,2.4,1.6,2.31,1.8
TRUE,Instagram,FALSE,-1,5,5,Pop-Up,5,5f86e6019a0cbc03afd4ac20,4,4,3,Yes,friends,6,2025-04-25 9:37:03,6,Male,26,9,TRUE,3,2.07,1,2.54,3.4
TRUE,Instagram,TRUE,-3,45,3,Vibration,8,5f86e6019a0cbc03afd4ac20,2,3,2,No,alone,4,2025-04-20 5:10:43,4,Male,26,5,FALSE,2.2,2.07,1,2.54,3.4
TRUE,Instagram,TRUE,-3,78,6,Pop-Up,9,5f86e6019a0cbc03afd4ac20,4,7,6,No,alone,6,2025-04-23 1:07:59,7,Male,26,1,TRUE,2.8,2.07,1,2.54,3.4
TRUE,Instagram,FALSE,-3,153,5,Pop-Up,6,5f86e6019a0cbc03afd4ac20,2,2,2,No,friends,2,2025-04-21 16:51:55,3,Male,26,16,TRUE,4.6,2.07,1,2.54,3.4
TRUE,Instagram,TRUE,0,9,3,Pop-Up,7,5f86e6019a0cbc03afd4ac20,4,3,6,No,alone,5,2025-04-24 21:36:10,6,Male,26,21,TRUE,3,2.07,1,2.54,3.4
TRUE,Instagram,FALSE,-1,5,3,Pop-Up,6,5f86e6019a0cbc03afd4ac20,3,3,2,No,friends,6,2025-04-25 10:08:28,3,Male,26,10,TRUE,3.2,2.07,1,2.54,3.4
TRUE,,TRUE,-3,55,2,Pop-Up,3,5f86e6019a0cbc03afd4ac20,3,3,1,No,alone,4,2025-04-21 9:40:26,6,Male,26,9,TRUE,3.4,2.07,1,2.54,3.4
TRUE,Instagram,TRUE,-3,12,6,Pop-Up,7,5f86e6019a0cbc03afd4ac20,4,6,6,No,alone,2,2025-04-20 8:39:03,7,Male,26,8,FALSE,1.6,2.07,1,2.54,3.4
TRUE,,FALSE,1,38,6,Vibration,6,5f86e6019a0cbc03afd4ac20,5,3,6,Yes,friends,2,2025-04-20 21:51:08,5,Male,26,21,FALSE,2.8,2.07,1,2.54,3.4
TRUE,Instagram,TRUE,-1,112,2,Vibration,7,5f86e6019a0cbc03afd4ac20,3,2,3,No,alone,3,2025-04-24 16:45:50,2,Male,26,16,TRUE,4.6,2.07,1,2.54,3.4
TRUE,Instagram,TRUE,-1,52,3,Pop-Up,8,5f86e6019a0cbc03afd4ac20,4,3,3,Yes,alone,4,2025-04-23 23:15:34,5,Male,26,23,TRUE,4,2.07,1,2.54,3.4
TRUE,Instagram,TRUE,-3,0,1,SpotOverlay,7,5f86e6019a0cbc03afd4ac20,2,2,5,No,alone,2,2025-04-24 20:58:18,2,Male,26,20,TRUE,4.8,2.07,1,2.54,3.4
TRUE,YouTube,TRUE,-3,153,3,SpotOverlay,3,5f8b3c348183d30f91832a2b,2,2,4,No,friends,5,2025-05-27 21:08:48,2,Non-binary,25,21,TRUE,4.2,1.73,1,3.38,2.8
TRUE,Instagram,TRUE,-3,2,4,SpotOverlay,5,5fc3d41149c0c8728f07b95b,2,2,3,No,alone,4,2025-03-13 16:43:28,4,Male,33,16,TRUE,3.6,2.6,2.2,2.92,3.8
TRUE,,FALSE,3,584,4,SpotOverlay,4,5fc3d41149c0c8728f07b95b,3,1,6,Yes,alone,3,2025-03-17 9:52:40,4,Male,33,9,TRUE,5,2.6,2.2,2.92,3.8
TRUE,,FALSE,0,0,2,Vibration,4,5fc3d41149c0c8728f07b95b,3,1,5,No,alone,4,2025-03-14 12:53:50,1,Male,33,12,TRUE,4,2.6,2.2,2.92,3.8
TRUE,Facebook,FALSE,-3,23,4,Vibration,7,5fc3d41149c0c8728f07b95b,2,3,4,No,friends,7,2025-03-14 9:10:57,4,Male,33,9,TRUE,4,2.6,2.2,2.92,3.8
TRUE,Instagram,FALSE,-3,48,4,SpotOverlay,6,5fc3d41149c0c8728f07b95b,2,3,3,No,alone,7,2025-03-14 10:14:48,4,Male,33,10,TRUE,4,2.6,2.2,2.92,3.8
TRUE,Facebook,TRUE,-3,180,7,SpotOverlay,6,5fe18e1c8929f0c2a41e43d8,4,5,3,No,alone,1,2025-03-24 17:32:16,5,Male,28,17,TRUE,4,2.2,1.6,3.08,3.8
TRUE,Facebook,TRUE,-3,89,6,SpotOverlay,3,5fe18e1c8929f0c2a41e43d8,4,5,6,No,alone,1,2025-03-20 22:00:35,6,Male,28,22,TRUE,3.6,2.2,1.6,3.08,3.8
TRUE,Facebook,TRUE,-3,218,6,SpotOverlay,6,5fe18e1c8929f0c2a41e43d8,4,3,6,No,alone,0,2025-03-26 0:16:49,6,Male,28,0,TRUE,4.4,2.2,1.6,3.08,3.8
TRUE,Facebook,TRUE,-3,7,7,Pop-Up,4,5fe18e1c8929f0c2a41e43d8,3,6,6,Yes,alone,0,2025-03-22 1:03:03,6,Male,28,1,FALSE,3.8,2.2,1.6,3.08,3.8
TRUE,Facebook,TRUE,-3,4,6,Pop-Up,7,5fe18e1c8929f0c2a41e43d8,3,5,6,No,alone,0,2025-03-22 10:26:50,5,Male,28,10,FALSE,4,2.2,1.6,3.08,3.8
TRUE,,TRUE,-3,1473,4,SpotOverlay,7,5ff61f4fe313fd16fbeb5af6,4,2,4,No,friends,1,2025-03-15 23:05:49,3,Male,27,23,FALSE,4,1.8,0.2,3.23,2.6
TRUE,,FALSE,1,33,4,Pop-Up,6,5ff61f4fe313fd16fbeb5af6,3,2,5,Yes,friends,6,2025-03-18 13:51:04,2,Male,27,13,TRUE,4,1.8,0.2,3.23,2.6
TRUE,,TRUE,-3,0,4,Vibration,5,5ff61f4fe313fd16fbeb5af6,4,2,4,No,alone,0,2025-03-16 21:25:18,3,Male,27,21,FALSE,3.8,1.8,0.2,3.23,2.6
TRUE,Facebook,TRUE,-3,3,7,Pop-Up,5,6034cf3c1dac215c6fe31624,5,7,7,No,friends,0,2025-03-22 11:08:00,5,Female,36,11,FALSE,3.8,1.73,0,4.08,1.8
TRUE,,TRUE,-3,0,4,Pop-Up,6,6034cf3c1dac215c6fe31624,5,7,7,Yes,friends,0,2025-03-18 21:44:47,5,Female,36,21,TRUE,3.8,1.73,0,4.08,1.8
TRUE,Instagram,TRUE,-3,17,2,Vibration,9,60a6be72ccb15020f04ba501,1,3,6,No,alone,10,2025-05-22 22:34:22,1,Male,31,22,TRUE,3.2,1.33,0,4.62,1
TRUE,Instagram,TRUE,-1,20,5,Vibration,9,60a6be72ccb15020f04ba501,1,6,5,No,alone,10,2025-05-23 19:24:39,6,Male,31,19,TRUE,4.8,1.33,0,4.62,1
TRUE,Instagram,TRUE,0,56,3,SpotOverlay,7,60a6be72ccb15020f04ba501,1,4,6,No,alone,10,2025-05-25 12:01:33,6,Male,31,12,FALSE,4.8,1.33,0,4.62,1
TRUE,TikTok,TRUE,-2,9,4,Pop-Up,4,60aa79fa99f7d53701b02256,3,4,4,No,friends,5,2025-05-26 15:44:45,5,Female,29,15,TRUE,3.8,2.07,1.4,3.77,1.8
TRUE,TikTok,TRUE,-2,1265,4,Pop-Up,3,60aa79fa99f7d53701b02256,3,4,5,Yes,friends,6,2025-06-01 15:50:12,4,Female,29,15,FALSE,4,2.07,1.4,3.77,1.8
TRUE,TikTok,TRUE,-2,231,4,SpotOverlay,6,60aa79fa99f7d53701b02256,3,5,3,Yes,friends,6,2025-05-30 22:06:54,5,Female,29,22,TRUE,3.6,2.07,1.4,3.77,1.8
TRUE,TikTok,TRUE,-1,242,4,SpotOverlay,3,60aa79fa99f7d53701b02256,3,4,3,Yes,friends,6,2025-05-30 12:12:43,5,Female,29,12,TRUE,3.6,2.07,1.4,3.77,1.8
TRUE,TikTok,TRUE,-2,234,4,Vibration,3,60aa79fa99f7d53701b02256,3,5,3,Yes,friends,6,2025-06-01 15:13:36,4,Female,29,15,FALSE,3.6,2.07,1.4,3.77,1.8
TRUE,Instagram,TRUE,-1,391,4,Vibration,3,60aa79fa99f7d53701b02256,3,4,2,Yes,friends,6,2025-06-01 11:42:33,4,Female,29,11,FALSE,3.8,2.07,1.4,3.77,1.8
TRUE,TikTok,TRUE,-2,189,4,SpotOverlay,3,60aa79fa99f7d53701b02256,3,4,2,Yes,friends,6,2025-05-28 10:34:09,4,Female,29,10,TRUE,3.4,2.07,1.4,3.77,1.8
TRUE,TikTok,TRUE,-3,186,4,SpotOverlay,7,60aa79fa99f7d53701b02256,3,4,4,Yes,friends,6,2025-06-01 4:18:43,5,Female,29,4,FALSE,3.6,2.07,1.4,3.77,1.8
TRUE,,TRUE,-2,129,4,Pop-Up,4,60aa79fa99f7d53701b02256,3,4,5,Yes,friends,6,2025-05-31 18:03:38,4,Female,29,18,FALSE,3.8,2.07,1.4,3.77,1.8
TRUE,TikTok,TRUE,-2,2760,4,Pop-Up,6,60aa79fa99f7d53701b02256,3,5,4,Yes,friends,6,2025-05-30 23:08:44,5,Female,29,23,TRUE,4,2.07,1.4,3.77,1.8
TRUE,TikTok,TRUE,-2,235,4,Vibration,4,60aa79fa99f7d53701b02256,3,5,3,Yes,friends,6,2025-06-01 17:50:00,5,Female,29,17,FALSE,3.8,2.07,1.4,3.77,1.8
TRUE,TikTok,TRUE,-3,161,4,SpotOverlay,7,60aa79fa99f7d53701b02256,3,4,4,Yes,friends,6,2025-05-31 2:40:35,5,Female,29,2,FALSE,3.6,2.07,1.4,3.77,1.8
TRUE,TikTok,TRUE,0,1,4,Pop-Up,4,60aa79fa99f7d53701b02256,3,4,4,Yes,friends,6,2025-05-27 17:29:18,5,Female,29,17,TRUE,3.8,2.07,1.4,3.77,1.8
TRUE,TikTok,TRUE,-1,141,4,Pop-Up,3,60aa79fa99f7d53701b02256,3,4,4,Yes,friends,6,2025-05-28 11:36:13,5,Female,29,11,TRUE,3.8,2.07,1.4,3.77,1.8
TRUE,TikTok,TRUE,-1,612,4,Pop-Up,3,60aa79fa99f7d53701b02256,3,4,6,Yes,friends,6,2025-05-31 13:34:44,4,Female,29,13,FALSE,4,2.07,1.4,3.77,1.8
TRUE,TikTok,TRUE,-1,39,4,Vibration,4,60aa79fa99f7d53701b02256,3,5,4,No,friends,6,2025-05-27 15:53:57,5,Female,29,15,TRUE,3.8,2.07,1.4,3.77,1.8
TRUE,TikTok,TRUE,-3,1315,4,Pop-Up,7,60aa79fa99f7d53701b02256,3,5,5,Yes,friends,6,2025-05-30 0:20:49,5,Female,29,0,TRUE,3.6,2.07,1.4,3.77,1.8
TRUE,TikTok,TRUE,-2,54,4,Vibration,3,60aa79fa99f7d53701b02256,3,4,4,Yes,friends,6,2025-06-01 16:19:19,4,Female,29,16,FALSE,3.6,2.07,1.4,3.77,1.8
TRUE,TikTok,TRUE,-2,227,4,Vibration,6,60aa79fa99f7d53701b02256,3,5,2,Yes,friends,6,2025-05-29 23:42:55,5,Female,29,23,TRUE,3.4,2.07,1.4,3.77,1.8
TRUE,TikTok,TRUE,-3,153,5,SpotOverlay,7,60aa79fa99f7d53701b02256,3,4,3,Yes,friends,6,2025-06-01 4:39:09,5,Female,29,4,FALSE,4,2.07,1.4,3.77,1.8
TRUE,TikTok,TRUE,-2,17,5,Vibration,3,60aa79fa99f7d53701b02256,3,5,4,Yes,friends,6,2025-05-28 11:01:19,5,Female,29,11,TRUE,4,2.07,1.4,3.77,1.8
TRUE,TikTok,TRUE,-2,226,4,Vibration,5,60aa79fa99f7d53701b02256,3,4,3,Yes,friends,6,2025-06-01 21:37:27,4,Female,29,21,FALSE,3.8,2.07,1.4,3.77,1.8
TRUE,TikTok,TRUE,-3,127,4,SpotOverlay,7,60aa79fa99f7d53701b02256,3,4,4,Yes,friends,6,2025-05-31 6:15:52,5,Female,29,6,FALSE,3.8,2.07,1.4,3.77,1.8
TRUE,TikTok,TRUE,-3,221,4,Pop-Up,7,60aa79fa99f7d53701b02256,3,5,5,Yes,friends,6,2025-05-31 6:42:45,5,Female,29,6,FALSE,4,2.07,1.4,3.77,1.8
TRUE,TikTok,TRUE,-2,65,4,Pop-Up,3,60aa79fa99f7d53701b02256,3,4,6,Yes,friends,6,2025-06-01 17:25:55,4,Female,29,17,FALSE,4,2.07,1.4,3.77,1.8
TRUE,TikTok,TRUE,-2,65,5,Pop-Up,3,60aa79fa99f7d53701b02256,3,4,6,Yes,friends,6,2025-06-01 17:25:55,4,Female,29,17,FALSE,4,2.07,1.4,3.77,1.8
TRUE,TikTok,TRUE,-2,260,4,Vibration,4,60aa79fa99f7d53701b02256,3,4,4,Yes,friends,6,2025-06-01 19:00:16,4,Female,29,19,FALSE,3.6,2.07,1.4,3.77,1.8
TRUE,TikTok,TRUE,-3,8,5,Pop-Up,7,60aa79fa99f7d53701b02256,3,5,5,Yes,friends,6,2025-05-30 0:44:41,5,Female,29,0,TRUE,3.8,2.07,1.4,3.77,1.8
TRUE,TikTok,TRUE,0,20,4,Pop-Up,3,60aa79fa99f7d53701b02256,3,4,4,Yes,alone,6,2025-06-02 10:31:48,4,Female,29,10,TRUE,3.6,2.07,1.4,3.77,1.8
TRUE,,TRUE,-2,265,4,Vibration,3,60aa79fa99f7d53701b02256,3,4,3,Yes,friends,6,2025-06-01 13:31:58,5,Female,29,13,FALSE,3.4,2.07,1.4,3.77,1.8
TRUE,TikTok,FALSE,-2,64,4,Pop-Up,3,60aa79fa99f7d53701b02256,3,4,4,Yes,friends,6,2025-05-31 16:08:52,4,Female,29,16,FALSE,4,2.07,1.4,3.77,1.8
TRUE,TikTok,TRUE,-2,219,5,Vibration,4,60aa79fa99f7d53701b02256,3,5,2,No,friends,6,2025-06-01 18:09:26,5,Female,29,18,FALSE,4,2.07,1.4,3.77,1.8
TRUE,TikTok,TRUE,-1,1290,3,Pop-Up,4,60aa79fa99f7d53701b02256,3,4,6,No,friends,5,2025-05-26 16:57:51,5,Female,29,16,TRUE,4,2.07,1.4,3.77,1.8
TRUE,Facebook,TRUE,-3,22,3,SpotOverlay,7,60aa79fa99f7d53701b02256,3,4,5,No,friends,6,2025-05-27 4:00:24,5,Female,29,4,TRUE,3.8,2.07,1.4,3.77,1.8
TRUE,TikTok,TRUE,-3,417,3,Pop-Up,7,60aa79fa99f7d53701b02256,3,5,4,No,friends,6,2025-05-29 4:22:57,5,Female,29,4,TRUE,3.6,2.07,1.4,3.77,1.8
TRUE,TikTok,TRUE,-2,175,4,SpotOverlay,3,60aa79fa99f7d53701b02256,3,4,4,Yes,friends,6,2025-06-01 14:48:43,4,Female,29,14,FALSE,3.6,2.07,1.4,3.77,1.8
TRUE,,TRUE,-1,220,4,Pop-Up,4,60aa79fa99f7d53701b02256,3,5,5,Yes,friends,6,2025-05-29 18:03:36,5,Female,29,18,TRUE,3.8,2.07,1.4,3.77,1.8
TRUE,TikTok,TRUE,-2,387,4,Vibration,4,60aa79fa99f7d53701b02256,3,4,3,Yes,friends,6,2025-06-01 18:37:58,4,Female,29,18,FALSE,3.4,2.07,1.4,3.77,1.8
TRUE,TikTok,TRUE,-2,1930,5,Pop-Up,5,60aa79fa99f7d53701b02256,3,4,6,Yes,friends,6,2025-05-27 21:23:54,5,Female,29,21,TRUE,3.8,2.07,1.4,3.77,1.8
TRUE,TikTok,TRUE,-3,233,4,Vibration,7,60aa79fa99f7d53701b02256,3,4,2,Yes,friends,6,2025-05-31 3:59:03,5,Female,29,3,FALSE,3.4,2.07,1.4,3.77,1.8
TRUE,TikTok,TRUE,-3,643,4,SpotOverlay,7,60aa79fa99f7d53701b02256,3,5,3,Yes,friends,6,2025-05-31 2:20:55,5,Female,29,2,FALSE,3.4,2.07,1.4,3.77,1.8
TRUE,TikTok,TRUE,-3,36,4,SpotOverlay,6,60aa79fa99f7d53701b02256,3,5,5,No,friends,6,2025-05-27 6:15:02,5,Female,29,6,TRUE,3.6,2.07,1.4,3.77,1.8
TRUE,TikTok,TRUE,-2,357,4,Pop-Up,4,60aa79fa99f7d53701b02256,3,5,5,No,friends,6,2025-05-27 12:26:50,5,Female,29,12,TRUE,3.6,2.07,1.4,3.77,1.8
TRUE,TikTok,TRUE,0,210,4,SpotOverlay,4,60c029faa1d9b671a584f3ca,4,4,3,No,alone,2,2025-03-22 12:41:30,4,Female,46,12,FALSE,3.2,2.73,1.2,3.38,1.8
TRUE,TikTok,TRUE,-1,108,5,Pop-Up,4,60c029faa1d9b671a584f3ca,4,6,5,No,alone,1,2025-03-21 8:06:55,5,Female,46,8,TRUE,3.4,2.73,1.2,3.38,1.8
TRUE,TikTok,TRUE,-1,328,5,SpotOverlay,7,60c029faa1d9b671a584f3ca,3,6,5,No,alone,2,2025-03-20 20:52:47,5,Female,46,20,TRUE,3.4,2.73,1.2,3.38,1.8
TRUE,,TRUE,-1,0,4,SpotOverlay,5,60c029faa1d9b671a584f3ca,3,4,4,No,alone,1,2025-03-23 15:36:11,4,Female,46,15,FALSE,3.6,2.73,1.2,3.38,1.8
TRUE,TikTok,TRUE,-1,212,5,Pop-Up,6,60c029faa1d9b671a584f3ca,4,5,4,No,alone,1,2025-03-21 21:42:35,4,Female,46,21,TRUE,3.2,2.73,1.2,3.38,1.8
TRUE,TikTok,TRUE,-1,2736,4,Vibration,3,60c029faa1d9b671a584f3ca,4,4,5,No,alone,1,2025-03-23 12:52:37,4,Female,46,12,FALSE,3.4,2.73,1.2,3.38,1.8
TRUE,,TRUE,-3,11,5,Pop-Up,7,60c029faa1d9b671a584f3ca,4,6,6,No,alone,0,2025-03-23 21:37:57,5,Female,46,21,FALSE,3.4,2.73,1.2,3.38,1.8
TRUE,,TRUE,-2,0,5,SpotOverlay,7,60c029faa1d9b671a584f3ca,3,6,5,No,alone,2,2025-03-19 19:04:53,5,Female,46,19,TRUE,3.4,2.73,1.2,3.38,1.8
TRUE,,TRUE,0,0,6,Vibration,4,60c029faa1d9b671a584f3ca,4,6,6,No,alone,1,2025-03-21 15:11:59,6,Female,46,15,TRUE,3.6,2.73,1.2,3.38,1.8
TRUE,TikTok,TRUE,-1,12,5,Pop-Up,5,60c029faa1d9b671a584f3ca,4,6,6,No,alone,1,2025-03-23 18:56:20,4,Female,46,18,FALSE,3.2,2.73,1.2,3.38,1.8
TRUE,,TRUE,-1,3801,4,Vibration,5,60c029faa1d9b671a584f3ca,3,5,4,No,alone,1,2025-03-24 21:20:02,4,Female,46,21,TRUE,3.6,2.73,1.2,3.38,1.8
TRUE,TikTok,TRUE,-3,3326,5,Vibration,9,60c029faa1d9b671a584f3ca,3,6,6,No,alone,0,2025-03-20 0:37:45,5,Female,46,0,TRUE,3.6,2.73,1.2,3.38,1.8
TRUE,TikTok,TRUE,-1,174,4,SpotOverlay,5,60c029faa1d9b671a584f3ca,3,6,3,No,alone,1,2025-03-21 12:54:42,5,Female,46,12,TRUE,3.4,2.73,1.2,3.38,1.8
TRUE,,TRUE,1,0,4,SpotOverlay,5,60c029faa1d9b671a584f3ca,4,4,3,No,alone,2,2025-03-22 20:18:43,4,Female,46,20,FALSE,3,2.73,1.2,3.38,1.8
TRUE,,TRUE,-2,0,5,Vibration,8,60c029faa1d9b671a584f3ca,4,6,6,No,alone,1,2025-03-23 1:04:47,5,Female,46,1,FALSE,3.6,2.73,1.2,3.38,1.8
TRUE,Facebook,TRUE,-3,0,5,Pop-Up,9,60c8467d9872c0d83f695499,3,4,5,No,alone,0,2025-03-15 16:30:48,5,Female,30,16,FALSE,2.2,2,2.6,3.77,3
TRUE,Facebook,TRUE,-3,9,1,Vibration,9,60c8467d9872c0d83f695499,1,1,4,No,alone,10,2025-03-15 22:30:55,1,Female,30,22,FALSE,4.6,2,2.6,3.77,3
TRUE,Instagram,TRUE,-3,162,6,Pop-Up,5,60e2f29d1b210b7492202572,4,6,4,No,friends,1,2025-02-24 0:09:58,7,Male,45,0,TRUE,3.6,3.53,2,1.69,5
TRUE,TikTok,TRUE,-3,287,1,Vibration,5,60fce0fcf9abe7218c789734,2,1,1,No,alone,5,2025-04-10 20:17:05,1,Female,44,20,TRUE,3.4,2.6,0.6,2.31,1.4
TRUE,TikTok,TRUE,-3,50,3,SpotOverlay,6,60fce0fcf9abe7218c789734,2,1,1,No,friends,1,2025-04-04 23:36:47,1,Female,44,23,TRUE,3.6,2.6,0.6,2.31,1.4
TRUE,TikTok,TRUE,-3,6444,4,Pop-Up,7,60fce0fcf9abe7218c789734,4,7,7,No,alone,2,2025-04-09 21:47:41,4,Female,44,21,TRUE,5,2.6,0.6,2.31,1.4
TRUE,TikTok,TRUE,-3,36,1,SpotOverlay,6,60fce0fcf9abe7218c789734,2,1,1,No,alone,3,2025-04-08 21:05:36,1,Female,44,21,TRUE,3.8,2.6,0.6,2.31,1.4
TRUE,TikTok,TRUE,-3,123,4,SpotOverlay,4,60fce0fcf9abe7218c789734,4,3,3,No,friends,4,2025-04-06 11:31:35,5,Female,44,11,FALSE,3.2,2.6,0.6,2.31,1.4
TRUE,TikTok,TRUE,-3,49,1,Vibration,5,60fce0fcf9abe7218c789734,3,3,3,No,alone,5,2025-04-10 20:33:27,1,Female,44,20,TRUE,3.4,2.6,0.6,2.31,1.4
TRUE,,TRUE,-3,223,1,Vibration,3,60fce0fcf9abe7218c789734,3,1,1,No,friends,5,2025-04-10 19:09:32,1,Female,44,19,TRUE,3.4,2.6,0.6,2.31,1.4
TRUE,TikTok,TRUE,-3,0,1,Pop-Up,4,60fce0fcf9abe7218c789734,3,4,4,No,alone,5,2025-04-09 19:43:59,1,Female,44,19,TRUE,3.8,2.6,0.6,2.31,1.4
TRUE,TikTok,TRUE,-3,183,3,Vibration,1,60fce0fcf9abe7218c789734,4,4,7,No,alone,0,2025-04-06 8:32:50,2,Female,44,8,FALSE,5,2.6,0.6,2.31,1.4
TRUE,TikTok,TRUE,0,289,1,SpotOverlay,5,60fce0fcf9abe7218c789734,3,2,3,Yes,friends,4,2025-04-06 17:05:56,1,Female,44,17,FALSE,3.8,2.6,0.6,2.31,1.4
TRUE,TikTok,TRUE,-3,153,4,Vibration,7,60fce0fcf9abe7218c789734,3,3,5,No,alone,2,2025-04-06 21:25:02,1,Female,44,21,FALSE,3.4,2.6,0.6,2.31,1.4
TRUE,,TRUE,-3,0,2,Pop-Up,7,60fce0fcf9abe7218c789734,1,1,1,No,friends,2,2025-04-04 23:53:12,1,Female,44,23,TRUE,3.6,2.6,0.6,2.31,1.4
TRUE,TikTok,TRUE,-3,148,4,Vibration,5,60fce0fcf9abe7218c789734,4,4,7,Yes,alone,3,2025-04-08 19:54:04,2,Female,44,19,TRUE,5,2.6,0.6,2.31,1.4
TRUE,,TRUE,-3,243,4,SpotOverlay,3,60fce0fcf9abe7218c789734,4,6,7,Yes,alone,5,2025-04-10 19:46:24,1,Female,44,19,TRUE,5,2.6,0.6,2.31,1.4
TRUE,,TRUE,-3,37,4,Vibration,2,610e6880f784d836a872a9a5,3,4,6,Yes,alone,5,2025-06-01 1:53:30,1,Female,40,1,FALSE,4,2.8,2.8,2.08,4
TRUE,TikTok,TRUE,0,262,4,Pop-Up,5,610e6880f784d836a872a9a5,1,1,4,Yes,alone,8,2025-06-02 12:33:12,1,Female,40,12,TRUE,4.6,2.8,2.8,2.08,4
TRUE,TikTok,TRUE,-3,1642,3,Pop-Up,3,610e6880f784d836a872a9a5,2,4,6,No,alone,5,2025-06-02 4:58:38,4,Female,40,4,TRUE,4.6,2.8,2.8,2.08,4
TRUE,TikTok,TRUE,-3,555,4,Pop-Up,4,610e6880f784d836a872a9a5,3,4,6,No,alone,7,2025-05-28 4:17:52,5,Female,40,4,TRUE,3,2.8,2.8,2.08,4
TRUE,TikTok,TRUE,-3,9,4,Vibration,4,610e6880f784d836a872a9a5,3,1,4,No,alone,4,2025-06-02 4:15:30,2,Female,40,4,TRUE,4.6,2.8,2.8,2.08,4
TRUE,TikTok,TRUE,-3,17,4,Vibration,6,610e6880f784d836a872a9a5,3,2,6,No,alone,4,2025-06-01 3:15:23,3,Female,40,3,FALSE,4.6,2.8,2.8,2.08,4
TRUE,TikTok,TRUE,-3,97,4,SpotOverlay,7,610e6880f784d836a872a9a5,3,2,5,No,alone,3,2025-06-01 2:40:29,2,Female,40,2,FALSE,4,2.8,2.8,2.08,4
TRUE,TikTok,TRUE,-3,25,4,SpotOverlay,5,610e6880f784d836a872a9a5,2,2,4,No,alone,4,2025-06-03 0:30:55,2,Female,40,0,TRUE,4.4,2.8,2.8,2.08,4
TRUE,TikTok,TRUE,-3,13,4,Vibration,4,610e6880f784d836a872a9a5,2,2,4,No,alone,4,2025-05-31 2:57:49,4,Female,40,2,FALSE,3.8,2.8,2.8,2.08,4
TRUE,TikTok,TRUE,-3,0,6,SpotOverlay,4,610e6880f784d836a872a9a5,3,4,2,No,alone,3,2025-05-31 2:41:18,4,Female,40,2,FALSE,3.8,2.8,2.8,2.08,4
TRUE,TikTok,TRUE,-3,0,4,SpotOverlay,5,610e6880f784d836a872a9a5,1,2,4,No,alone,7,2025-06-02 17:17:16,1,Female,40,17,TRUE,4.6,2.8,2.8,2.08,4
TRUE,TikTok,TRUE,-3,12,4,Vibration,4,610e6880f784d836a872a9a5,3,2,4,No,alone,2,2025-06-02 3:48:27,2,Female,40,3,TRUE,4,2.8,2.8,2.08,4
TRUE,,TRUE,-3,0,1,SpotOverlay,3,6114b416d9c506518392523e,2,1,2,No,alone,3,2025-05-21 15:58:17,1,Male,58,15,TRUE,5,1.53,0.2,3.85,2.4
TRUE,,TRUE,-3,0,1,Pop-Up,3,6114b416d9c506518392523e,2,1,1,No,alone,3,2025-05-21 21:14:12,1,Male,58,21,TRUE,5,1.53,0.2,3.85,2.4
TRUE,YouTube,TRUE,-3,34,1,SpotOverlay,3,6114b416d9c506518392523e,2,1,1,No,alone,3,2025-05-21 23:21:36,1,Male,58,23,TRUE,5,1.53,0.2,3.85,2.4
TRUE,,TRUE,-3,0,1,SpotOverlay,2,6114b416d9c506518392523e,3,2,4,No,alone,1,2025-05-20 15:31:55,1,Male,58,15,TRUE,4,1.53,0.2,3.85,2.4
TRUE,,TRUE,-3,0,1,Vibration,5,6114b416d9c506518392523e,3,1,1,No,alone,2,2025-05-16 1:10:26,1,Male,58,1,TRUE,5,1.53,0.2,3.85,2.4
TRUE,,TRUE,-3,0,1,Pop-Up,2,6114b416d9c506518392523e,2,1,1,No,alone,3,2025-05-21 19:27:04,1,Male,58,19,TRUE,5,1.53,0.2,3.85,2.4
TRUE,YouTube,TRUE,-3,80,1,SpotOverlay,4,6114b416d9c506518392523e,2,1,1,No,alone,4,2025-05-17 23:11:42,1,Male,58,23,FALSE,5,1.53,0.2,3.85,2.4
TRUE,,TRUE,-3,0,1,Vibration,2,6114b416d9c506518392523e,3,1,3,No,alone,1,2025-05-19 12:47:47,1,Male,58,12,TRUE,3.2,1.53,0.2,3.85,2.4
TRUE,,TRUE,-3,0,1,Vibration,2,6114b416d9c506518392523e,3,1,1,No,alone,2,2025-05-22 10:58:05,1,Male,58,10,TRUE,5,1.53,0.2,3.85,2.4
TRUE,,TRUE,-3,0,1,Pop-Up,4,6114b416d9c506518392523e,2,1,1,No,alone,3,2025-05-21 22:13:50,1,Male,58,22,TRUE,5,1.53,0.2,3.85,2.4
TRUE,,TRUE,-3,0,1,SpotOverlay,2,6114b416d9c506518392523e,2,1,1,No,alone,1,2025-05-21 14:15:55,1,Male,58,14,TRUE,5,1.53,0.2,3.85,2.4
TRUE,,TRUE,-3,0,1,Pop-Up,3,6114b416d9c506518392523e,2,1,4,No,alone,3,2025-05-21 15:40:07,1,Male,58,15,TRUE,5,1.53,0.2,3.85,2.4
TRUE,,TRUE,-3,0,1,SpotOverlay,2,6114b416d9c506518392523e,3,1,1,No,alone,2,2025-05-17 22:01:23,1,Male,58,22,FALSE,5,1.53,0.2,3.85,2.4
TRUE,,TRUE,-3,0,1,Pop-Up,3,6114b416d9c506518392523e,2,1,1,No,alone,2,2025-05-20 22:57:37,1,Male,58,22,TRUE,5,1.53,0.2,3.85,2.4
TRUE,YouTube,TRUE,-3,251,1,SpotOverlay,3,6114b416d9c506518392523e,3,1,1,No,alone,3,2025-05-18 8:41:08,1,Male,58,8,FALSE,5,1.53,0.2,3.85,2.4
TRUE,,TRUE,-3,0,1,Pop-Up,1,6114b416d9c506518392523e,2,2,2,No,alone,4,2025-05-15 19:24:09,1,Male,58,19,TRUE,3.2,1.53,0.2,3.85,2.4
TRUE,,TRUE,-3,0,1,Pop-Up,3,6114b416d9c506518392523e,2,1,1,No,alone,3,2025-05-22 11:30:00,1,Male,58,11,TRUE,5,1.53,0.2,3.85,2.4
TRUE,,TRUE,-3,0,2,Pop-Up,2,6114b416d9c506518392523e,3,2,4,No,alone,2,2025-05-15 18:04:28,2,Male,58,18,TRUE,4,1.53,0.2,3.85,2.4
TRUE,,TRUE,-3,0,1,SpotOverlay,3,6114b416d9c506518392523e,3,1,1,No,alone,2,2025-05-20 21:14:47,1,Male,58,21,TRUE,5,1.53,0.2,3.85,2.4
TRUE,,TRUE,-3,0,1,Vibration,3,6114b416d9c506518392523e,2,1,1,No,alone,3,2025-05-20 21:49:57,1,Male,58,21,TRUE,5,1.53,0.2,3.85,2.4
TRUE,,TRUE,-3,0,1,Pop-Up,3,6114b416d9c506518392523e,2,1,1,No,alone,3,2025-05-20 18:18:18,1,Male,58,18,TRUE,5,1.53,0.2,3.85,2.4
TRUE,,TRUE,-3,0,1,Pop-Up,3,6114b416d9c506518392523e,2,1,1,No,alone,3,2025-05-20 23:14:23,1,Male,58,23,TRUE,5,1.53,0.2,3.85,2.4
TRUE,,TRUE,-3,1,1,SpotOverlay,1,6114b416d9c506518392523e,2,1,1,Yes,alone,7,2025-05-15 21:31:14,1,Male,58,21,TRUE,5,1.53,0.2,3.85,2.4
TRUE,,TRUE,-3,0,2,Vibration,2,6114b416d9c506518392523e,3,2,2,No,alone,3,2025-05-15 19:06:52,2,Male,58,19,TRUE,4,1.53,0.2,3.85,2.4
TRUE,,TRUE,-3,0,1,Pop-Up,3,6114b416d9c506518392523e,2,1,1,No,alone,2,2025-05-21 10:26:02,1,Male,58,10,TRUE,5,1.53,0.2,3.85,2.4
TRUE,YouTube,TRUE,-3,0,1,SpotOverlay,2,6114b416d9c506518392523e,2,1,2,No,alone,1,2025-05-16 0:06:33,1,Male,58,0,TRUE,5,1.53,0.2,3.85,2.4
TRUE,,TRUE,-3,0,1,Pop-Up,3,6114b416d9c506518392523e,2,1,1,No,alone,3,2025-05-20 21:31:38,1,Male,58,21,TRUE,5,1.53,0.2,3.85,2.4
TRUE,,TRUE,-3,0,1,Vibration,3,6114b416d9c506518392523e,2,1,1,No,alone,1,2025-05-21 8:53:57,1,Male,58,8,TRUE,5,1.53,0.2,3.85,2.4
TRUE,,TRUE,-3,0,1,SpotOverlay,3,6114b416d9c506518392523e,2,1,1,No,alone,2,2025-05-20 22:23:23,1,Male,58,22,TRUE,5,1.53,0.2,3.85,2.4
TRUE,,TRUE,-3,224,3,Pop-Up,7,6114b416d9c506518392523e,3,4,3,No,alone,1,2025-05-16 1:47:18,1,Male,58,1,TRUE,5,1.53,0.2,3.85,2.4
TRUE,,TRUE,-3,0,1,Pop-Up,3,6114b416d9c506518392523e,2,1,1,No,alone,3,2025-05-21 19:44:51,1,Male,58,19,TRUE,5,1.53,0.2,3.85,2.4
TRUE,,TRUE,-3,0,1,Pop-Up,2,6114b416d9c506518392523e,2,1,4,No,alone,3,2025-05-21 15:23:08,1,Male,58,15,TRUE,5,1.53,0.2,3.85,2.4
TRUE,,TRUE,-3,0,1,Pop-Up,2,6114b416d9c506518392523e,3,1,1,Yes,alone,1,2025-05-18 11:37:24,1,Male,58,11,FALSE,5,1.53,0.2,3.85,2.4
TRUE,,TRUE,-3,0,1,Pop-Up,3,6114b416d9c506518392523e,2,1,1,No,alone,3,2025-05-22 12:28:01,1,Male,58,12,TRUE,5,1.53,0.2,3.85,2.4
TRUE,,TRUE,-3,0,1,SpotOverlay,2,6114b416d9c506518392523e,2,1,1,No,alone,1,2025-05-21 10:09:14,1,Male,58,10,TRUE,5,1.53,0.2,3.85,2.4
TRUE,,TRUE,-3,0,1,Pop-Up,2,6114b416d9c506518392523e,2,1,1,No,alone,3,2025-05-21 11:01:38,1,Male,58,11,TRUE,5,1.53,0.2,3.85,2.4
TRUE,,TRUE,-3,0,1,Vibration,3,6114b416d9c506518392523e,2,1,1,No,alone,3,2025-05-21 23:04:45,1,Male,58,23,TRUE,5,1.53,0.2,3.85,2.4
TRUE,,TRUE,-3,0,1,Pop-Up,3,6114b416d9c506518392523e,2,1,1,No,alone,3,2025-05-22 12:11:04,1,Male,58,12,TRUE,5,1.53,0.2,3.85,2.4
TRUE,,TRUE,-3,0,1,Vibration,3,6114b416d9c506518392523e,2,1,1,No,alone,1,2025-05-18 8:17:20,1,Male,58,8,FALSE,5,1.53,0.2,3.85,2.4
TRUE,,TRUE,-3,0,1,Vibration,3,6114b416d9c506518392523e,2,1,1,No,alone,2,2025-05-21 20:57:07,1,Male,58,20,TRUE,5,1.53,0.2,3.85,2.4
TRUE,,TRUE,-3,0,1,Pop-Up,2,6114b416d9c506518392523e,2,1,1,No,alone,2,2025-05-20 15:49:39,1,Male,58,15,TRUE,4,1.53,0.2,3.85,2.4
TRUE,YouTube,TRUE,-3,112,2,Pop-Up,2,6114b416d9c506518392523e,4,4,6,No,alone,1,2025-05-15 13:53:25,2,Male,58,13,TRUE,2,1.53,0.2,3.85,2.4
TRUE,,TRUE,-3,0,1,Pop-Up,2,6114b416d9c506518392523e,2,1,1,No,alone,3,2025-05-20 17:51:27,1,Male,58,17,TRUE,5,1.53,0.2,3.85,2.4
TRUE,,TRUE,-3,0,1,Pop-Up,2,6114b416d9c506518392523e,3,1,1,No,alone,2,2025-05-17 21:30:03,1,Male,58,21,FALSE,5,1.53,0.2,3.85,2.4
TRUE,,TRUE,-3,0,1,SpotOverlay,2,6114b416d9c506518392523e,2,1,1,No,alone,3,2025-05-21 12:49:46,1,Male,58,12,TRUE,5,1.53,0.2,3.85,2.4
TRUE,YouTube,TRUE,-3,397,1,Pop-Up,2,6114b416d9c506518392523e,2,1,1,No,alone,2,2025-05-21 18:19:04,1,Male,58,18,TRUE,5,1.53,0.2,3.85,2.4
TRUE,YouTube,TRUE,-3,8,1,Pop-Up,2,6114b416d9c506518392523e,2,1,1,No,alone,2,2025-05-20 19:06:45,1,Male,58,19,TRUE,5,1.53,0.2,3.85,2.4
TRUE,,TRUE,-3,0,1,SpotOverlay,2,6114b416d9c506518392523e,3,1,1,No,alone,1,2025-05-19 13:07:31,1,Male,58,13,TRUE,5,1.53,0.2,3.85,2.4
TRUE,,TRUE,-3,0,2,SpotOverlay,2,6114b416d9c506518392523e,4,4,4,No,alone,1,2025-05-17 20:01:01,1,Male,58,20,FALSE,4,1.53,0.2,3.85,2.4
TRUE,,TRUE,-3,0,1,Vibration,2,6114b416d9c506518392523e,2,1,1,No,alone,3,2025-05-22 12:44:37,1,Male,58,12,TRUE,5,1.53,0.2,3.85,2.4
TRUE,,TRUE,-3,0,1,SpotOverlay,2,6114b416d9c506518392523e,2,1,1,No,alone,3,2025-05-21 12:29:45,1,Male,58,12,TRUE,5,1.53,0.2,3.85,2.4
TRUE,YouTube,TRUE,-3,1393,1,Vibration,3,6114b416d9c506518392523e,2,1,1,No,alone,3,2025-05-21 0:34:30,1,Male,58,0,TRUE,5,1.53,0.2,3.85,2.4
TRUE,,TRUE,-3,0,1,SpotOverlay,3,6114b416d9c506518392523e,2,1,1,No,alone,2,2025-05-20 22:40:54,1,Male,58,22,TRUE,5,1.53,0.2,3.85,2.4
TRUE,YouTube,TRUE,-3,13,1,Pop-Up,3,6114b416d9c506518392523e,2,1,1,No,alone,3,2025-05-21 21:57:05,1,Male,58,21,TRUE,5,1.53,0.2,3.85,2.4
TRUE,,TRUE,0,0,1,Vibration,3,6114b416d9c506518392523e,3,1,1,No,alone,2,2025-05-16 0:30:15,1,Male,58,0,TRUE,5,1.53,0.2,3.85,2.4
TRUE,YouTube,TRUE,-3,20,1,Vibration,4,6114b416d9c506518392523e,2,1,1,No,alone,3,2025-05-21 23:38:07,1,Male,58,23,TRUE,5,1.53,0.2,3.85,2.4
TRUE,,TRUE,-3,0,1,SpotOverlay,3,6114b416d9c506518392523e,2,1,1,No,alone,3,2025-05-18 9:06:28,1,Male,58,9,FALSE,5,1.53,0.2,3.85,2.4
TRUE,YouTube,TRUE,-3,0,1,Pop-Up,4,6114b416d9c506518392523e,3,1,1,No,alone,3,2025-05-17 23:46:48,1,Male,58,23,FALSE,5,1.53,0.2,3.85,2.4
TRUE,YouTube,TRUE,-3,0,1,Pop-Up,2,6114b416d9c506518392523e,2,1,1,No,alone,2,2025-05-21 18:36:18,1,Male,58,18,TRUE,5,1.53,0.2,3.85,2.4
TRUE,,TRUE,-3,0,1,Vibration,2,6114b416d9c506518392523e,2,1,1,No,alone,2,2025-05-21 10:44:51,1,Male,58,10,TRUE,5,1.53,0.2,3.85,2.4
TRUE,Facebook,TRUE,-3,19,5,Pop-Up,9,611ab24657af79642f9ed581,3,7,7,No,friends,4,2025-06-07 0:33:30,4,Female,46,0,FALSE,5,2.73,3,2.31,4.8
TRUE,Facebook,TRUE,-3,30,4,Vibration,7,611ab24657af79642f9ed581,3,7,7,No,friends,3,2025-06-07 23:38:44,1,Female,46,23,FALSE,5,2.73,3,2.31,4.8
TRUE,Facebook,TRUE,-3,965,4,Pop-Up,9,611ab24657af79642f9ed581,2,5,7,No,friends,8,2025-06-05 23:47:26,4,Female,46,23,TRUE,5,2.73,3,2.31,4.8
TRUE,Facebook,TRUE,-3,224,3,SpotOverlay,7,611ab24657af79642f9ed581,3,7,7,No,friends,4,2025-06-07 0:17:19,4,Female,46,0,FALSE,5,2.73,3,2.31,4.8
TRUE,TikTok,TRUE,-3,129,2,SpotOverlay,7,614ebfa6eff131515482a146,1,1,1,No,alone,8,2025-06-07 6:42:11,5,Male,33,6,FALSE,3.8,2,2.8,2.92,2.8
TRUE,Instagram,TRUE,-3,60,5,Vibration,6,614ebfa6eff131515482a146,3,4,5,No,alone,6,2025-06-08 21:00:02,6,Male,33,21,FALSE,3.8,2,2.8,2.92,2.8
TRUE,Instagram,TRUE,-3,85,4,Vibration,7,614ebfa6eff131515482a146,1,3,4,No,alone,8,2025-06-07 6:15:22,4,Male,33,6,FALSE,4.2,2,2.8,2.92,2.8
TRUE,TikTok,TRUE,-3,55,3,SpotOverlay,5,614ebfa6eff131515482a146,2,1,2,No,alone,7,2025-06-07 1:00:46,5,Male,33,1,FALSE,4.6,2,2.8,2.92,2.8
TRUE,TikTok,TRUE,-3,6,4,Pop-Up,8,614ebfa6eff131515482a146,2,5,5,No,alone,7,2025-06-08 15:17:35,2,Male,33,15,FALSE,4.4,2,2.8,2.92,2.8
TRUE,TikTok,TRUE,-3,1168,4,Pop-Up,7,614ebfa6eff131515482a146,1,4,6,No,alone,9,2025-06-05 4:53:21,2,Male,33,4,TRUE,4.6,2,2.8,2.92,2.8
TRUE,Facebook,TRUE,0,150,2,SpotOverlay,2,614ebfa6eff131515482a146,1,1,1,No,alone,7,2025-06-09 15:02:54,3,Male,33,15,TRUE,4.4,2,2.8,2.92,2.8
TRUE,Instagram,TRUE,-3,89,4,SpotOverlay,6,614ebfa6eff131515482a146,1,1,2,No,alone,8,2025-06-04 4:00:20,5,Male,33,4,TRUE,4.6,2,2.8,2.92,2.8
TRUE,TikTok,TRUE,-3,96,3,SpotOverlay,3,614ebfa6eff131515482a146,1,2,1,No,alone,5,2025-06-09 23:38:02,3,Male,33,23,TRUE,4.6,2,2.8,2.92,2.8
TRUE,,TRUE,-3,9,6,Pop-Up,9,614ebfa6eff131515482a146,1,4,5,No,alone,8,2025-06-05 5:20:27,7,Male,33,5,TRUE,3.8,2,2.8,2.92,2.8
TRUE,Instagram,TRUE,-3,1,7,SpotOverlay,5,6151e69a392433707e7a9dfb,5,7,7,Yes,alone,0,2025-03-11 2:21:18,7,Male,27,2,TRUE,5,1.27,0,4.85,1
TRUE,,TRUE,0,20,7,Pop-Up,7,6151e69a392433707e7a9dfb,5,7,7,No,alone,0,2025-03-15 1:39:11,7,Male,27,1,FALSE,5,1.27,0,4.85,1
TRUE,YouTube,FALSE,-3,105,5,Vibration,6,6152dd29c508b8bfb5b157cc,4,7,7,No,alone,0,2025-05-16 19:25:33,5,Male,31,19,TRUE,4.8,2.73,0,3.77,1
TRUE,YouTube,FALSE,-3,185,7,SpotOverlay,6,6152dd29c508b8bfb5b157cc,5,7,7,No,alone,0,2025-05-16 13:03:16,7,Male,31,13,TRUE,4.4,2.73,0,3.77,1
TRUE,,TRUE,-3,0,3,SpotOverlay,8,6152dd29c508b8bfb5b157cc,4,1,7,No,alone,0,2025-05-20 19:49:39,3,Male,31,19,TRUE,5,2.73,0,3.77,1
TRUE,YouTube,FALSE,-3,179,5,SpotOverlay,5,6152dd29c508b8bfb5b157cc,5,7,7,No,alone,0,2025-05-16 13:40:11,6,Male,31,13,TRUE,4.6,2.73,0,3.77,1
TRUE,,FALSE,-3,0,4,Vibration,7,6152dd29c508b8bfb5b157cc,5,2,7,No,alone,0,2025-05-16 18:53:38,7,Male,31,18,TRUE,5,2.73,0,3.77,1
TRUE,YouTube,FALSE,-3,19,1,Vibration,5,6152dd29c508b8bfb5b157cc,3,1,2,No,alone,0,2025-05-16 15:42:14,1,Male,31,15,TRUE,5,2.73,0,3.77,1
TRUE,YouTube,TRUE,-3,17,6,Vibration,7,6152dd29c508b8bfb5b157cc,5,7,7,No,alone,0,2025-05-20 18:58:51,5,Male,31,18,TRUE,5,2.73,0,3.77,1
TRUE,YouTube,TRUE,-3,39,4,SpotOverlay,6,6152dd29c508b8bfb5b157cc,5,3,4,No,alone,0,2025-05-20 19:20:56,4,Male,31,19,TRUE,5,2.73,0,3.77,1
TRUE,YouTube,FALSE,-3,70,2,Vibration,4,6152dd29c508b8bfb5b157cc,5,1,3,No,alone,0,2025-05-16 13:20:43,1,Male,31,13,TRUE,4.6,2.73,0,3.77,1
TRUE,,FALSE,2,8,1,Vibration,4,6152dd29c508b8bfb5b157cc,1,1,1,No,alone,6,2025-05-23 7:32:58,1,Male,31,7,TRUE,5,2.73,0,3.77,1
TRUE,YouTube,FALSE,-3,124,4,SpotOverlay,4,6152dd29c508b8bfb5b157cc,5,6,2,No,alone,1,2025-05-16 10:47:41,6,Male,31,10,TRUE,3.4,2.73,0,3.77,1
TRUE,YouTube,FALSE,-2,0,7,Pop-Up,3,6152dd29c508b8bfb5b157cc,4,7,7,Yes,alone,2,2025-05-23 8:32:39,7,Male,31,8,TRUE,5,2.73,0,3.77,1
TRUE,,FALSE,-3,219,4,Vibration,5,6152dd29c508b8bfb5b157cc,5,1,5,No,alone,0,2025-05-16 15:18:02,3,Male,31,15,TRUE,4.6,2.73,0,3.77,1
TRUE,YouTube,FALSE,-3,12,4,Vibration,6,6152dd29c508b8bfb5b157cc,4,1,7,No,alone,0,2025-05-16 13:58:47,1,Male,31,13,TRUE,4.8,2.73,0,3.77,1
TRUE,,TRUE,-3,49,5,Vibration,2,6152dd29c508b8bfb5b157cc,5,6,7,No,alone,0,2025-05-19 9:26:02,6,Male,31,9,TRUE,5,2.73,0,3.77,1
TRUE,,FALSE,0,0,1,Vibration,3,6152dd29c508b8bfb5b157cc,3,7,7,No,alone,2,2025-05-23 7:40:27,1,Male,31,7,TRUE,5,2.73,0,3.77,1
TRUE,,TRUE,-3,0,7,Pop-Up,8,6152dd29c508b8bfb5b157cc,5,7,7,No,alone,0,2025-05-20 20:22:40,7,Male,31,20,TRUE,5,2.73,0,3.77,1
TRUE,YouTube,FALSE,-3,20,4,Vibration,5,6152dd29c508b8bfb5b157cc,5,7,7,No,alone,0,2025-05-16 11:51:49,6,Male,31,11,TRUE,3.6,2.73,0,3.77,1
TRUE,YouTube,FALSE,-3,280,6,Pop-Up,6,6152dd29c508b8bfb5b157cc,5,7,7,No,alone,0,2025-05-19 7:44:17,7,Male,31,7,TRUE,4.8,2.73,0,3.77,1
TRUE,,TRUE,-2,0,3,SpotOverlay,6,62732854d22b38dbdae3ef9c,2,2,6,No,alone,5,2025-05-23 6:17:15,3,Male,47,6,TRUE,4.4,1.67,1.2,3.38,1
TRUE,TikTok,TRUE,-3,136,4,Pop-Up,6,62732854d22b38dbdae3ef9c,3,1,7,No,alone,4,2025-05-26 8:27:37,1,Male,47,8,TRUE,5,1.67,1.2,3.38,1
TRUE,TikTok,TRUE,-3,135,3,Vibration,3,62732854d22b38dbdae3ef9c,3,2,4,No,alone,4,2025-05-26 13:50:26,3,Male,47,13,TRUE,5,1.67,1.2,3.38,1
TRUE,TikTok,TRUE,-2,0,4,Pop-Up,7,62732854d22b38dbdae3ef9c,4,4,7,No,alone,4,2025-05-23 5:57:06,5,Male,47,5,TRUE,3.6,1.67,1.2,3.38,1
TRUE,,TRUE,-2,1,4,Vibration,7,62732854d22b38dbdae3ef9c,3,4,7,No,alone,3,2025-05-23 23:27:11,4,Male,47,23,TRUE,5,1.67,1.2,3.38,1
TRUE,TikTok,TRUE,-3,158,4,Pop-Up,7,62732854d22b38dbdae3ef9c,3,4,7,No,alone,5,2025-05-23 6:52:57,4,Male,47,6,TRUE,5,1.67,1.2,3.38,1
TRUE,TikTok,TRUE,-3,326,3,SpotOverlay,4,62732854d22b38dbdae3ef9c,4,1,7,No,alone,4,2025-05-25 22:02:06,1,Male,47,22,FALSE,5,1.67,1.2,3.38,1
TRUE,TikTok,TRUE,-3,67,4,Vibration,6,62732854d22b38dbdae3ef9c,3,4,7,No,alone,5,2025-05-23 6:34:27,2,Male,47,6,TRUE,5,1.67,1.2,3.38,1
TRUE,TikTok,TRUE,1,432,4,Pop-Up,6,62732854d22b38dbdae3ef9c,3,5,6,No,alone,5,2025-05-22 7:10:05,4,Male,47,7,TRUE,3,1.67,1.2,3.38,1
TRUE,Facebook,TRUE,-3,31,1,SpotOverlay,2,627e79a6e1f2b10601861ca6,1,1,1,Yes,friends,10,2025-02-24 22:32:59,1,Female,27,22,TRUE,5,3.67,3,1.85,1.6
TRUE,Facebook,TRUE,0,0,4,Pop-Up,6,627e79a6e1f2b10601861ca6,3,1,5,Yes,friends,1,2025-02-22 23:45:12,3,Female,27,23,FALSE,4.6,3.67,3,1.85,1.6
TRUE,Facebook,TRUE,-2,57,5,SpotOverlay,6,627e79a6e1f2b10601861ca6,3,6,6,Yes,alone,4,2025-02-24 22:04:31,5,Female,27,22,TRUE,3.8,3.67,3,1.85,1.6
TRUE,TikTok,TRUE,0,489,3,Vibration,8,6283e5cee0833a2307ddeb0f,3,3,1,No,alone,3,2025-02-26 1:12:22,5,Male,37,1,TRUE,5,1.87,0.4,3.15,3.4
TRUE,TikTok,TRUE,-3,62,3,SpotOverlay,7,6283e5cee0833a2307ddeb0f,4,2,2,No,alone,3,2025-03-03 0:50:18,3,Male,37,0,TRUE,4.8,1.87,0.4,3.15,3.4
TRUE,TikTok,TRUE,-2,817,3,Vibration,7,6283e5cee0833a2307ddeb0f,3,3,3,No,alone,2,2025-03-01 1:10:50,4,Male,37,1,FALSE,4,1.87,0.4,3.15,3.4
TRUE,,TRUE,-2,3,3,Pop-Up,7,6283e5cee0833a2307ddeb0f,3,3,3,No,alone,4,2025-02-28 0:19:22,3,Male,37,0,TRUE,4.2,1.87,0.4,3.15,3.4
TRUE,TikTok,TRUE,-2,83,2,SpotOverlay,7,6283e5cee0833a2307ddeb0f,4,2,3,No,alone,2,2025-02-25 0:54:37,2,Male,37,0,TRUE,4.8,1.87,0.4,3.15,3.4
TRUE,,TRUE,-1,1,2,Pop-Up,3,6283e5cee0833a2307ddeb0f,4,3,3,No,alone,4,2025-03-02 15:01:18,2,Male,37,15,FALSE,4.6,1.87,0.4,3.15,3.4
TRUE,,TRUE,0,6,3,Pop-Up,6,6283e5cee0833a2307ddeb0f,3,4,5,No,alone,5,2025-03-02 0:32:18,3,Male,37,0,FALSE,4.2,1.87,0.4,3.15,3.4
TRUE,,TRUE,-3,0,3,SpotOverlay,2,628deac8711dee5dbda650ae,5,1,5,Yes,alone,0,2025-05-20 9:42:26,1,Male,33,9,TRUE,5,1.73,0,2.85,1
TRUE,YouTube,TRUE,-3,7,4,Pop-Up,7,629625e303590ce5fcbcc825,2,4,4,No,alone,8,2025-04-17 0:53:57,3,Female,45,0,TRUE,5,1.6,0,4.69,1
TRUE,,TRUE,-3,0,3,SpotOverlay,7,629625e303590ce5fcbcc825,3,3,7,No,alone,6,2025-04-18 23:41:19,3,Female,45,23,TRUE,5,1.6,0,4.69,1
TRUE,Facebook,TRUE,-3,152,4,Vibration,1,629625e303590ce5fcbcc825,4,4,7,No,alone,5,2025-04-16 8:32:50,4,Female,45,8,TRUE,5,1.6,0,4.69,1
TRUE,YouTube,TRUE,-3,12,7,Vibration,4,629625e303590ce5fcbcc825,4,7,7,No,alone,2,2025-04-17 0:03:02,4,Female,45,0,TRUE,5,1.6,0,4.69,1
TRUE,YouTube,TRUE,-3,8,4,Vibration,8,629625e303590ce5fcbcc825,3,4,4,No,alone,6,2025-04-16 0:46:21,5,Female,45,0,TRUE,5,1.6,0,4.69,1
TRUE,YouTube,TRUE,-3,8,4,Vibration,7,629625e303590ce5fcbcc825,4,4,7,No,alone,3,2025-04-18 23:05:53,4,Female,45,23,TRUE,5,1.6,0,4.69,1
TRUE,YouTube,TRUE,-3,0,4,SpotOverlay,6,629625e303590ce5fcbcc825,2,4,7,No,alone,5,2025-04-15 23:43:05,4,Female,45,23,TRUE,5,1.6,0,4.69,1
TRUE,Facebook,TRUE,-3,45,4,Vibration,3,629625e303590ce5fcbcc825,5,4,7,No,alone,1,2025-04-17 21:02:36,4,Female,45,21,TRUE,5,1.6,0,4.69,1
TRUE,,TRUE,-3,0,7,Vibration,4,629625e303590ce5fcbcc825,4,7,7,No,alone,7,2025-04-15 23:23:13,7,Female,45,23,TRUE,5,1.6,0,4.69,1
TRUE,YouTube,TRUE,-3,11,3,Vibration,7,629625e303590ce5fcbcc825,4,3,4,No,alone,3,2025-04-19 23:56:28,2,Female,45,23,FALSE,5,1.6,0,4.69,1
TRUE,YouTube,TRUE,-3,250,5,SpotOverlay,7,629625e303590ce5fcbcc825,3,5,5,No,alone,6,2025-04-16 0:30:20,5,Female,45,0,TRUE,5,1.6,0,4.69,1
TRUE,YouTube,TRUE,-3,136,5,SpotOverlay,6,629625e303590ce5fcbcc825,4,4,7,No,alone,3,2025-04-17 0:21:20,5,Female,45,0,TRUE,5,1.6,0,4.69,1
TRUE,,TRUE,-3,0,1,Vibration,8,629625e303590ce5fcbcc825,2,2,2,No,alone,7,2025-04-18 23:57:13,1,Female,45,23,TRUE,5,1.6,0,4.69,1
TRUE,YouTube,TRUE,-3,22,3,Vibration,8,629625e303590ce5fcbcc825,3,3,3,No,alone,3,2025-04-20 23:40:15,5,Female,45,23,FALSE,5,1.6,0,4.69,1
TRUE,,TRUE,-3,0,4,SpotOverlay,7,629625e303590ce5fcbcc825,3,4,5,No,alone,5,2025-04-17 0:38:07,4,Female,45,0,TRUE,5,1.6,0,4.69,1
TRUE,Instagram,TRUE,-3,121,4,SpotOverlay,7,62a704138a4aabc371c6bd37,4,6,3,No,alone,0,2025-06-02 19:29:31,6,Male,35,19,TRUE,4,2,1.8,2.08,4.6
TRUE,,TRUE,1,74,5,SpotOverlay,2,62a704138a4aabc371c6bd37,5,5,3,Yes,alone,0,2025-06-04 9:59:23,5,Male,35,9,TRUE,4,2,1.8,2.08,4.6
TRUE,,TRUE,-3,0,5,SpotOverlay,5,62a704138a4aabc371c6bd37,4,6,3,No,friends,0,2025-06-02 19:10:45,6,Male,35,19,TRUE,4,2,1.8,2.08,4.6
TRUE,Instagram,TRUE,1,4,6,Pop-Up,4,62a704138a4aabc371c6bd37,5,6,6,Yes,alone,0,2025-06-03 16:51:36,6,Male,35,16,TRUE,4,2,1.8,2.08,4.6
TRUE,Instagram,FALSE,-3,3,5,Pop-Up,5,62a704138a4aabc371c6bd37,4,5,6,No,alone,0,2025-06-03 20:56:27,6,Male,35,20,TRUE,4,2,1.8,2.08,4.6
TRUE,Instagram,FALSE,-3,5,5,Pop-Up,8,62a704138a4aabc371c6bd37,4,3,5,No,alone,0,2025-06-02 20:16:11,6,Male,35,20,TRUE,4,2,1.8,2.08,4.6
TRUE,TikTok,FALSE,-2,10,2,Pop-Up,4,62d159b0e1b591ec1e8e27c8,4,2,5,No,friends,1,2025-03-03 22:17:30,5,Male,35,22,TRUE,2,2.73,1.4,2.77,3.8
TRUE,TikTok,TRUE,-2,4,3,Pop-Up,6,62d159b0e1b591ec1e8e27c8,3,4,5,No,friends,3,2025-03-04 22:13:33,4,Male,35,22,TRUE,2,2.73,1.4,2.77,3.8
TRUE,TikTok,FALSE,-2,13,2,Pop-Up,6,62d159b0e1b591ec1e8e27c8,2,2,2,No,friends,3,2025-02-27 22:07:46,2,Male,35,22,TRUE,3,2.73,1.4,2.77,3.8
TRUE,TikTok,TRUE,2,39,3,Pop-Up,4,62d159b0e1b591ec1e8e27c8,3,3,4,No,alone,4,2025-03-04 8:03:45,4,Male,35,8,TRUE,2,2.73,1.4,2.77,3.8
TRUE,TikTok,TRUE,-3,190,5,Vibration,3,62d159b0e1b591ec1e8e27c8,3,4,4,Yes,friends,1,2025-03-01 20:24:10,3,Male,35,20,FALSE,2.2,2.73,1.4,2.77,3.8
TRUE,YouTube,FALSE,-1,272,4,SpotOverlay,4,62df0a2b7302265dcb0b7c58,3,4,3,No,alone,3,2025-02-26 12:24:14,5,Male,29,12,TRUE,4,2.33,1.8,2.08,2.6
TRUE,,FALSE,-2,193,5,SpotOverlay,3,62df0a2b7302265dcb0b7c58,3,3,4,No,alone,1,2025-02-28 11:29:42,4,Male,29,11,TRUE,4.4,2.33,1.8,2.08,2.6
TRUE,YouTube,FALSE,-2,4,4,Pop-Up,6,62df0a2b7302265dcb0b7c58,3,3,3,No,alone,1,2025-03-03 11:21:45,6,Male,29,11,TRUE,4,2.33,1.8,2.08,2.6
TRUE,YouTube,FALSE,-2,233,3,Vibration,6,62df0a2b7302265dcb0b7c58,3,4,3,No,alone,1,2025-02-27 14:12:36,5,Male,29,14,TRUE,4.2,2.33,1.8,2.08,2.6
TRUE,,FALSE,-2,744,4,Pop-Up,4,62df0a2b7302265dcb0b7c58,3,3,3,No,alone,0,2025-03-04 12:15:57,5,Male,29,12,TRUE,4.4,2.33,1.8,2.08,2.6
TRUE,YouTube,FALSE,-1,216,4,Vibration,4,62df0a2b7302265dcb0b7c58,3,3,3,No,alone,1,2025-03-04 14:18:18,5,Male,29,14,TRUE,4.4,2.33,1.8,2.08,2.6
TRUE,Facebook,TRUE,-3,1,4,Vibration,3,62e024e28130783e74dadde0,4,7,7,No,alone,3,2025-06-10 2:28:35,4,Female,42,2,TRUE,5,2.73,2.4,2.23,5
TRUE,Facebook,TRUE,-3,243,3,Vibration,7,62e024e28130783e74dadde0,3,3,6,No,alone,1,2025-06-08 3:47:16,3,Female,42,3,FALSE,3.6,2.73,2.4,2.23,5
TRUE,Instagram,TRUE,0,101,5,SpotOverlay,7,62fb7e29586929061efccda2,4,5,3,No,alone,4,2025-05-28 7:57:28,5,Male,46,7,TRUE,3.4,2.2,1,3.15,3
TRUE,,TRUE,-3,7,2,Vibration,4,62fb7e29586929061efccda2,4,2,6,Yes,friends,1,2025-06-01 20:34:42,2,Male,46,20,FALSE,4,2.2,1,3.15,3
TRUE,Facebook,TRUE,-2,5,5,Pop-Up,7,62fb7e29586929061efccda2,4,6,4,Yes,alone,2,2025-06-01 23:45:07,6,Male,46,23,FALSE,2.2,2.2,1,3.15,3
TRUE,Facebook,TRUE,3,0,1,Pop-Up,2,62fb7e29586929061efccda2,2,7,7,Yes,alone,8,2025-05-28 14:19:00,1,Male,46,14,TRUE,5,2.2,1,3.15,3
TRUE,,TRUE,0,1,5,Pop-Up,6,62fb7e29586929061efccda2,4,5,4,Yes,alone,6,2025-05-29 8:49:13,5,Male,46,8,TRUE,2.8,2.2,1,3.15,3
TRUE,,TRUE,0,34,3,SpotOverlay,7,62fb7e29586929061efccda2,3,4,3,No,alone,4,2025-05-29 17:47:43,2,Male,46,17,TRUE,4.2,2.2,1,3.15,3
TRUE,,TRUE,-2,3,4,Pop-Up,3,62fb7e29586929061efccda2,4,3,4,Yes,friends,3,2025-05-30 19:24:26,4,Male,46,19,TRUE,3.6,2.2,1,3.15,3
TRUE,,TRUE,-1,3,3,Pop-Up,4,62fb7e29586929061efccda2,3,2,3,Yes,friends,6,2025-05-29 9:08:37,3,Male,46,9,TRUE,4,2.2,1,3.15,3
TRUE,,TRUE,2,4,2,Vibration,2,62fb7e29586929061efccda2,3,2,7,Yes,friends,6,2025-05-28 10:49:49,2,Male,46,10,TRUE,4,2.2,1,3.15,3
TRUE,Instagram,TRUE,-3,37,5,SpotOverlay,4,62fb7e29586929061efccda2,4,4,4,Yes,alone,1,2025-06-01 21:33:37,4,Male,46,21,FALSE,3.6,2.2,1,3.15,3
TRUE,,TRUE,-2,0,4,Pop-Up,3,62fb7e29586929061efccda2,4,6,3,Yes,friends,2,2025-05-27 17:33:10,4,Male,46,17,TRUE,3.4,2.2,1,3.15,3
TRUE,,TRUE,-3,12,5,SpotOverlay,5,62fb7e29586929061efccda2,4,4,4,Yes,friends,1,2025-06-01 19:55:57,4,Male,46,19,FALSE,3.6,2.2,1,3.15,3
TRUE,Facebook,TRUE,-3,495,1,Pop-Up,6,62fc25ef4ce0d3d169b7a120,4,1,7,Yes,alone,5,2025-02-20 7:02:56,1,Female,33,7,TRUE,5,1.87,1.8,3.92,1.6
TRUE,TikTok,TRUE,-1,109,1,Pop-Up,1,62fc25ef4ce0d3d169b7a120,5,2,4,Yes,alone,0,2025-02-23 19:50:59,1,Female,33,19,FALSE,4.4,1.87,1.8,3.92,1.6
TRUE,TikTok,TRUE,-3,247,1,Vibration,7,62fc25ef4ce0d3d169b7a120,5,1,2,No,alone,0,2025-02-21 4:36:17,1,Female,33,4,TRUE,5,1.87,1.8,3.92,1.6
TRUE,TikTok,TRUE,-3,66,1,Vibration,7,62fc25ef4ce0d3d169b7a120,5,1,3,No,alone,0,2025-02-21 4:53:17,1,Female,33,4,TRUE,4.4,1.87,1.8,3.92,1.6
TRUE,TikTok,TRUE,-3,520,2,Pop-Up,3,62fc25ef4ce0d3d169b7a120,4,3,5,Yes,alone,0,2025-02-20 1:27:05,1,Female,33,1,TRUE,4.2,1.87,1.8,3.92,1.6
TRUE,,TRUE,3,136,1,Vibration,1,62fc25ef4ce0d3d169b7a120,4,1,5,Yes,alone,3,2025-02-25 13:32:33,1,Female,33,13,TRUE,5,1.87,1.8,3.92,1.6
TRUE,Facebook,TRUE,-1,9,3,SpotOverlay,2,62fc25ef4ce0d3d169b7a120,5,3,5,Yes,friends,1,2025-02-26 18:03:29,1,Female,33,18,TRUE,5,1.87,1.8,3.92,1.6
TRUE,,TRUE,1,34,2,Vibration,1,62fc25ef4ce0d3d169b7a120,4,2,4,Yes,friends,3,2025-02-24 20:28:43,1,Female,33,20,TRUE,4.8,1.87,1.8,3.92,1.6
TRUE,YouTube,TRUE,-1,177,2,Vibration,2,62fd14d7b1e0729dc8aadb79,2,5,2,Yes,alone,6,2025-02-24 12:18:57,4,Male,33,12,TRUE,3.2,2.53,2.4,2.15,3
TRUE,,TRUE,-2,133,4,Vibration,6,62fd14d7b1e0729dc8aadb79,3,5,3,No,alone,5,2025-02-24 22:53:31,4,Male,33,22,TRUE,2.8,2.53,2.4,2.15,3
TRUE,,TRUE,-1,8,2,Pop-Up,4,62fd14d7b1e0729dc8aadb79,3,2,3,No,alone,4,2025-02-24 7:48:08,5,Male,33,7,TRUE,3,2.53,2.4,2.15,3
TRUE,YouTube,TRUE,1,216,5,SpotOverlay,2,62fd14d7b1e0729dc8aadb79,3,5,4,Yes,alone,4,2025-02-24 11:46:02,4,Male,33,11,TRUE,2.6,2.53,2.4,2.15,3
TRUE,,TRUE,-2,1,2,Vibration,5,62fd14d7b1e0729dc8aadb79,2,3,5,No,alone,6,2025-02-22 1:49:13,3,Male,33,1,FALSE,3.8,2.53,2.4,2.15,3
TRUE,,TRUE,-2,1,2,SpotOverlay,2,62fd14d7b1e0729dc8aadb79,2,4,3,Yes,alone,6,2025-02-23 21:50:49,5,Male,33,21,FALSE,3.8,2.53,2.4,2.15,3
TRUE,,TRUE,1,1,5,Pop-Up,3,62fd14d7b1e0729dc8aadb79,3,5,5,Yes,alone,3,2025-02-24 17:21:09,3,Male,33,17,TRUE,3,2.53,2.4,2.15,3
TRUE,YouTube,TRUE,-2,3755,4,Vibration,6,62fd14d7b1e0729dc8aadb79,2,5,3,No,alone,5,2025-02-25 0:32:47,3,Male,33,0,TRUE,3.6,2.53,2.4,2.15,3
TRUE,,TRUE,2,3,3,SpotOverlay,2,62fd14d7b1e0729dc8aadb79,3,5,3,Yes,alone,2,2025-02-24 18:45:54,4,Male,33,18,TRUE,3.6,2.53,2.4,2.15,3
TRUE,,TRUE,-2,0,1,Pop-Up,4,62fd14d7b1e0729dc8aadb79,3,4,4,No,alone,4,2025-02-23 8:27:01,2,Male,33,8,FALSE,4,2.53,2.4,2.15,3
TRUE,YouTube,TRUE,-3,1071,5,Vibration,5,62fd14d7b1e0729dc8aadb79,3,3,3,No,alone,5,2025-02-23 23:52:24,4,Male,33,23,FALSE,3.8,2.53,2.4,2.15,3
TRUE,YouTube,TRUE,1,36,5,Pop-Up,2,62fd14d7b1e0729dc8aadb79,3,5,5,Yes,alone,5,2025-02-24 17:00:59,5,Male,33,17,TRUE,2.8,2.53,2.4,2.15,3
TRUE,,TRUE,-3,11,3,SpotOverlay,3,62fd14d7b1e0729dc8aadb79,3,5,4,No,alone,4,2025-02-24 10:07:05,5,Male,33,10,TRUE,3.4,2.53,2.4,2.15,3
TRUE,,TRUE,-2,0,2,Vibration,5,62fd14d7b1e0729dc8aadb79,2,4,3,Yes,alone,3,2025-02-24 0:12:12,3,Male,33,0,TRUE,3.6,2.53,2.4,2.15,3
TRUE,,TRUE,-2,2,2,SpotOverlay,3,6323781f75962af097c34b5e,2,2,2,Yes,alone,3,2025-05-29 6:09:23,2,Male,20,6,TRUE,4.8,2.2,1,3.54,1.4
TRUE,Instagram,TRUE,-3,9,3,Vibration,5,6323781f75962af097c34b5e,3,3,4,No,alone,1,2025-05-31 1:17:17,4,Male,20,1,FALSE,5,2.2,1,3.54,1.4
TRUE,,TRUE,-2,22,2,SpotOverlay,2,6323781f75962af097c34b5e,2,2,2,Yes,alone,2,2025-06-01 8:43:35,1,Male,20,8,FALSE,4,2.2,1,3.54,1.4
TRUE,,TRUE,-3,1,3,SpotOverlay,5,6323781f75962af097c34b5e,4,5,6,Yes,alone,0,2025-05-31 14:08:50,3,Male,20,14,FALSE,3,2.2,1,3.54,1.4
TRUE,YouTube,TRUE,-3,17,2,SpotOverlay,6,6323781f75962af097c34b5e,2,2,2,No,alone,4,2025-05-31 0:26:58,2,Male,20,0,FALSE,5,2.2,1,3.54,1.4
TRUE,,TRUE,3,8,2,Pop-Up,2,6323781f75962af097c34b5e,2,2,2,Yes,alone,1,2025-05-28 9:17:29,2,Male,20,9,TRUE,4,2.2,1,3.54,1.4
TRUE,,TRUE,3,0,1,Pop-Up,1,6323781f75962af097c34b5e,3,2,2,Yes,alone,1,2025-05-28 8:32:37,1,Male,20,8,TRUE,4.6,2.2,1,3.54,1.4
TRUE,YouTube,TRUE,-2,235,2,Vibration,3,6323781f75962af097c34b5e,2,2,2,Yes,alone,2,2025-05-29 4:58:04,2,Male,20,4,TRUE,5,2.2,1,3.54,1.4
TRUE,Instagram,TRUE,-3,4,3,Pop-Up,4,6323781f75962af097c34b5e,3,3,2,No,alone,3,2025-05-31 3:27:19,3,Male,20,3,FALSE,4,2.2,1,3.54,1.4
TRUE,Facebook,TRUE,0,256,6,Pop-Up,1,632b947efa9da6a9bde31f94,5,6,1,Yes,alone,0,2025-02-26 21:05:31,5,Male,46,21,TRUE,3.2,1.47,1.2,4,2.2
TRUE,YouTube,TRUE,1,315,3,Vibration,7,6361eebd5327cc2337bd13ad,2,2,1,Yes,friends,5,2025-05-22 18:20:47,1,Female,47,18,TRUE,3.8,2.73,1.8,3,2.6
TRUE,YouTube,TRUE,3,0,1,Vibration,3,6361eebd5327cc2337bd13ad,2,1,1,Yes,alone,8,2025-05-16 13:28:32,1,Female,47,13,TRUE,4,2.73,1.8,3,2.6
TRUE,,TRUE,1,8,7,Pop-Up,5,6361eebd5327cc2337bd13ad,3,6,5,Yes,alone,5,2025-05-23 7:02:14,7,Female,47,7,TRUE,3.2,2.73,1.8,3,2.6
TRUE,,TRUE,1,63,6,Pop-Up,6,6361eebd5327cc2337bd13ad,3,6,4,Yes,friends,4,2025-05-18 20:32:25,6,Female,47,20,FALSE,3.2,2.73,1.8,3,2.6
TRUE,YouTube,TRUE,0,1090,4,SpotOverlay,8,6361eebd5327cc2337bd13ad,3,3,4,Yes,alone,5,2025-05-22 22:46:13,3,Female,47,22,TRUE,3.4,2.73,1.8,3,2.6
TRUE,YouTube,TRUE,1,0,5,Pop-Up,4,6361eebd5327cc2337bd13ad,3,6,7,Yes,friends,6,2025-05-21 12:04:20,5,Female,47,12,TRUE,3.6,2.73,1.8,3,2.6
TRUE,YouTube,TRUE,-3,249,4,SpotOverlay,8,6361eebd5327cc2337bd13ad,3,4,3,No,alone,4,2025-05-17 23:48:19,3,Female,47,23,FALSE,3.8,2.73,1.8,3,2.6
TRUE,,TRUE,-3,224,3,Vibration,8,6361eebd5327cc2337bd13ad,3,2,2,Yes,friends,4,2025-05-18 0:08:10,1,Female,47,0,FALSE,4,2.73,1.8,3,2.6
TRUE,,TRUE,-3,24,5,Vibration,7,6361eebd5327cc2337bd13ad,3,7,4,Yes,friends,3,2025-05-18 1:34:21,5,Female,47,1,FALSE,3,2.73,1.8,3,2.6
TRUE,YouTube,TRUE,-2,7,4,Pop-Up,7,6361eebd5327cc2337bd13ad,2,4,5,Yes,friends,5,2025-05-22 17:57:51,3,Female,47,17,TRUE,3.4,2.73,1.8,3,2.6
TRUE,YouTube,TRUE,1,23,5,Vibration,8,6361eebd5327cc2337bd13ad,3,4,3,Yes,friends,5,2025-05-18 22:20:50,5,Female,47,22,FALSE,3.4,2.73,1.8,3,2.6
TRUE,YouTube,TRUE,0,262,4,Vibration,7,6361eebd5327cc2337bd13ad,3,3,1,Yes,friends,5,2025-05-22 18:41:03,3,Female,47,18,TRUE,3.4,2.73,1.8,3,2.6
TRUE,,TRUE,0,43,3,SpotOverlay,8,6361eebd5327cc2337bd13ad,3,4,4,Yes,friends,6,2025-05-20 20:08:00,3,Female,47,20,TRUE,3.8,2.73,1.8,3,2.6
TRUE,,TRUE,-3,262,4,SpotOverlay,8,6361eebd5327cc2337bd13ad,3,5,3,Yes,alone,5,2025-05-17 23:27:49,3,Female,47,23,FALSE,3.8,2.73,1.8,3,2.6
TRUE,TikTok,TRUE,1,93,6,SpotOverlay,6,6361eebd5327cc2337bd13ad,3,6,3,Yes,alone,6,2025-05-16 11:33:15,5,Female,47,11,TRUE,2.8,2.73,1.8,3,2.6
TRUE,,FALSE,3,33,6,SpotOverlay,8,63d1957ba19644f6c749c001,4,4,2,Yes,friends,2,2025-03-15 20:55:43,5,Female,49,20,FALSE,3,2.53,0.2,2.08,3
TRUE,,FALSE,2,8,1,SpotOverlay,4,63d1957ba19644f6c749c001,3,2,1,Yes,alone,5,2025-03-18 9:34:37,2,Female,49,9,TRUE,4,2.53,0.2,2.08,3
TRUE,,TRUE,1,109,7,SpotOverlay,6,63d1957ba19644f6c749c001,5,7,3,Yes,alone,1,2025-03-20 12:00:00,7,Female,49,12,TRUE,2.2,2.53,0.2,2.08,3
TRUE,,FALSE,1,3,1,Vibration,5,63d1957ba19644f6c749c001,2,3,1,Yes,alone,4,2025-03-18 6:50:34,3,Female,49,6,TRUE,3.2,2.53,0.2,2.08,3
TRUE,,FALSE,0,15,6,Pop-Up,5,63d1957ba19644f6c749c001,4,6,5,Yes,alone,3,2025-03-15 12:51:28,6,Female,49,12,FALSE,2.4,2.53,0.2,2.08,3
TRUE,,TRUE,-1,2,6,SpotOverlay,6,63d1957ba19644f6c749c001,4,4,2,Yes,alone,1,2025-03-17 20:57:41,7,Female,49,20,TRUE,3,2.53,0.2,2.08,3
TRUE,,FALSE,2,25,4,Vibration,3,63d1957ba19644f6c749c001,3,5,4,Yes,friends,4,2025-03-13 18:09:13,4,Female,49,18,TRUE,3.8,2.53,0.2,2.08,3
TRUE,,FALSE,1,29,4,Pop-Up,5,63d1957ba19644f6c749c001,3,7,4,Yes,friends,2,2025-03-18 8:12:19,5,Female,49,8,TRUE,2.2,2.53,0.2,2.08,3
TRUE,,TRUE,-1,57,6,Vibration,6,63d1957ba19644f6c749c001,4,4,2,Yes,alone,2,2025-03-14 10:24:42,7,Female,49,10,TRUE,3.4,2.53,0.2,2.08,3
TRUE,,FALSE,2,18,3,Pop-Up,1,63d1957ba19644f6c749c001,2,4,1,Yes,friends,7,2025-03-14 13:48:37,2,Female,49,13,TRUE,3.6,2.53,0.2,2.08,3
TRUE,Instagram,TRUE,-3,0,5,SpotOverlay,8,63d7a39a9b2af0db6c05d600,2,1,7,No,alone,2,2025-04-14 18:06:37,6,Female,32,18,TRUE,3,2.67,2.2,2.15,3.6
TRUE,Instagram,TRUE,-3,40,1,Vibration,9,63d7a39a9b2af0db6c05d600,3,2,1,No,alone,0,2025-04-14 22:23:51,6,Female,32,22,TRUE,3,2.67,2.2,2.15,3.6
TRUE,,TRUE,-3,7,5,SpotOverlay,9,63d7a39a9b2af0db6c05d600,3,1,7,No,alone,0,2025-04-16 21:25:39,1,Female,32,21,TRUE,2.8,2.67,2.2,2.15,3.6
TRUE,,FALSE,3,5,7,Pop-Up,4,63d7a39a9b2af0db6c05d600,5,7,7,No,friends,0,2025-04-15 14:37:21,7,Female,32,14,TRUE,2.2,2.67,2.2,2.15,3.6
TRUE,,TRUE,-3,596,1,Vibration,6,63d7a39a9b2af0db6c05d600,1,1,1,Yes,friends,3,2025-04-17 18:00:10,1,Female,32,18,TRUE,4.2,2.67,2.2,2.15,3.6
TRUE,,FALSE,-3,15,6,Pop-Up,9,63d7a39a9b2af0db6c05d600,2,5,1,No,friends,0,2025-04-16 19:57:34,6,Female,32,19,TRUE,4,2.67,2.2,2.15,3.6
TRUE,Instagram,FALSE,2,0,7,Pop-Up,3,63d7a39a9b2af0db6c05d600,4,5,7,Yes,friends,0,2025-04-15 10:35:50,7,Female,32,10,TRUE,2.8,2.67,2.2,2.15,3.6
TRUE,Instagram,TRUE,-3,0,7,SpotOverlay,7,63d7a39a9b2af0db6c05d600,5,7,7,No,alone,0,2025-04-18 18:29:22,7,Female,32,18,TRUE,3.6,2.67,2.2,2.15,3.6
TRUE,Instagram,TRUE,-3,0,7,Pop-Up,8,63d7a39a9b2af0db6c05d600,5,7,7,No,alone,0,2025-04-17 18:25:37,7,Female,32,18,TRUE,2.8,2.67,2.2,2.15,3.6
TRUE,Instagram,TRUE,-3,0,7,Pop-Up,9,63d7a39a9b2af0db6c05d600,5,7,7,Yes,alone,0,2025-04-20 14:21:29,7,Female,32,14,FALSE,1.6,2.67,2.2,2.15,3.6
TRUE,Instagram,TRUE,-3,0,7,Pop-Up,6,63d7a39a9b2af0db6c05d600,5,7,7,Yes,friends,0,2025-04-19 10:55:06,7,Female,32,10,FALSE,3.8,2.67,2.2,2.15,3.6
TRUE,Facebook,TRUE,1,102,5,SpotOverlay,9,63d7d315ebf6c98c92c2a7a1,3,2,2,No,alone,1,2025-04-05 4:10:56,6,Male,39,4,FALSE,2,2.2,1.6,2.62,3.2
TRUE,Facebook,TRUE,-1,71,6,SpotOverlay,8,63d7d315ebf6c98c92c2a7a1,4,6,3,No,alone,3,2025-04-04 3:09:17,7,Male,39,3,TRUE,2.8,2.2,1.6,2.62,3.2
TRUE,Facebook,TRUE,1,131,5,SpotOverlay,9,63d7d315ebf6c98c92c2a7a1,3,2,2,No,alone,5,2025-04-06 2:59:58,7,Male,39,2,FALSE,2.8,2.2,1.6,2.62,3.2
TRUE,Facebook,TRUE,-1,33,6,Vibration,9,63d7d315ebf6c98c92c2a7a1,3,3,3,No,alone,2,2025-04-05 3:52:03,7,Male,39,3,FALSE,2,2.2,1.6,2.62,3.2
TRUE,Facebook,TRUE,3,39,5,Pop-Up,9,63d7d315ebf6c98c92c2a7a1,4,2,1,No,alone,1,2025-04-07 2:20:59,7,Male,39,2,TRUE,2.8,2.2,1.6,2.62,3.2
TRUE,Facebook,TRUE,1,0,5,Pop-Up,7,63d7d315ebf6c98c92c2a7a1,3,3,3,No,alone,3,2025-04-06 2:23:20,5,Male,39,2,FALSE,2.8,2.2,1.6,2.62,3.2
TRUE,Facebook,TRUE,0,144,4,SpotOverlay,7,63d7d315ebf6c98c92c2a7a1,3,2,2,No,alone,1,2025-04-05 3:17:52,3,Male,39,3,FALSE,3.2,2.2,1.6,2.62,3.2
TRUE,Facebook,TRUE,1,7,6,Pop-Up,8,63d7d315ebf6c98c92c2a7a1,3,2,1,No,alone,2,2025-04-05 3:35:01,6,Male,39,3,FALSE,2.8,2.2,1.6,2.62,3.2
TRUE,Facebook,TRUE,1,97,5,SpotOverlay,8,63d7d315ebf6c98c92c2a7a1,4,2,2,No,alone,4,2025-04-06 2:41:23,7,Male,39,2,FALSE,2.8,2.2,1.6,2.62,3.2
TRUE,Facebook,FALSE,2,219,6,Vibration,3,63d7d315ebf6c98c92c2a7a1,4,2,1,No,friends,4,2025-04-06 11:18:25,7,Male,39,11,FALSE,2.8,2.2,1.6,2.62,3.2
TRUE,Facebook,TRUE,2,50,6,SpotOverlay,7,63d7d315ebf6c98c92c2a7a1,4,3,2,No,alone,4,2025-04-07 1:34:51,6,Male,39,1,TRUE,2.8,2.2,1.6,2.62,3.2
TRUE,Facebook,TRUE,-1,105,5,SpotOverlay,7,63d7d315ebf6c98c92c2a7a1,3,3,3,No,alone,2,2025-04-03 2:51:33,4,Male,39,2,TRUE,3.2,2.2,1.6,2.62,3.2
TRUE,Facebook,TRUE,-2,122,6,SpotOverlay,2,63d7d315ebf6c98c92c2a7a1,3,3,6,No,alone,4,2025-04-02 23:29:02,7,Male,39,23,TRUE,2.8,2.2,1.6,2.62,3.2
TRUE,Facebook,TRUE,2,149,4,SpotOverlay,9,63d7d315ebf6c98c92c2a7a1,2,3,3,No,friends,2,2025-04-02 2:48:23,6,Male,39,2,TRUE,3,2.2,1.6,2.62,3.2
TRUE,Facebook,TRUE,1,121,6,SpotOverlay,9,63d7d315ebf6c98c92c2a7a1,4,2,1,No,alone,3,2025-04-04 3:28:40,7,Male,39,3,TRUE,3.2,2.2,1.6,2.62,3.2
TRUE,Facebook,TRUE,-1,10,6,Pop-Up,6,63d7d315ebf6c98c92c2a7a1,4,6,6,No,friends,3,2025-04-02 1:54:43,6,Male,39,1,TRUE,2.8,2.2,1.6,2.62,3.2
TRUE,Facebook,TRUE,2,5,3,Pop-Up,9,63d7d315ebf6c98c92c2a7a1,2,2,3,No,alone,2,2025-04-03 3:24:59,5,Male,39,3,TRUE,3.2,2.2,1.6,2.62,3.2
TRUE,Facebook,TRUE,1,138,3,SpotOverlay,9,63d7d315ebf6c98c92c2a7a1,3,2,2,No,alone,3,2025-04-04 3:55:14,6,Male,39,3,TRUE,2.8,2.2,1.6,2.62,3.2
TRUE,Facebook,FALSE,3,134,4,SpotOverlay,1,63d7d315ebf6c98c92c2a7a1,5,3,3,Yes,friends,1,2025-04-03 18:25:51,5,Male,39,18,TRUE,2.8,2.2,1.6,2.62,3.2
TRUE,Facebook,TRUE,1,7,6,Pop-Up,8,63d7d315ebf6c98c92c2a7a1,4,6,6,No,friends,2,2025-04-02 2:13:24,6,Male,39,2,TRUE,3,2.2,1.6,2.62,3.2
TRUE,Facebook,TRUE,-2,211,4,Pop-Up,5,63ea8c377e6688eb5ea6d92a,5,7,7,No,alone,1,2025-05-29 19:25:40,4,Male,30,19,TRUE,3.8,1.93,0.4,3.38,1.2
TRUE,Facebook,TRUE,-2,1,4,SpotOverlay,6,63ea8c377e6688eb5ea6d92a,4,4,7,Yes,friends,2,2025-05-26 21:23:12,1,Male,30,21,TRUE,3.4,1.93,0.4,3.38,1.2
TRUE,Facebook,TRUE,0,89,4,SpotOverlay,6,63ea8c377e6688eb5ea6d92a,4,5,2,No,alone,1,2025-05-27 10:38:07,4,Male,30,10,TRUE,2.8,1.93,0.4,3.38,1.2
TRUE,Facebook,TRUE,-2,169,4,Vibration,3,63ea8c377e6688eb5ea6d92a,4,4,2,Yes,alone,1,2025-05-26 14:41:46,5,Male,30,14,TRUE,3,1.93,0.4,3.38,1.2
TRUE,,TRUE,-3,8,4,Pop-Up,6,63ea8c377e6688eb5ea6d92a,4,6,7,Yes,friends,1,2025-05-27 21:24:02,5,Male,30,21,TRUE,2.8,1.93,0.4,3.38,1.2
TRUE,Instagram,FALSE,0,74,3,SpotOverlay,3,63ecff07b619306f41db42fa,3,3,4,No,alone,2,2025-05-18 11:22:34,3,Male,34,11,FALSE,4,2.07,2.4,2.23,4.6
TRUE,Instagram,TRUE,-2,39,4,Pop-Up,2,63ecff07b619306f41db42fa,3,4,5,No,alone,1,2025-05-18 7:17:35,3,Male,34,7,FALSE,4,2.07,2.4,2.23,4.6
TRUE,Instagram,TRUE,-3,219,4,SpotOverlay,6,63ecff07b619306f41db42fa,3,4,5,No,alone,1,2025-05-18 20:19:09,3,Male,34,20,FALSE,5,2.07,2.4,2.23,4.6
TRUE,Instagram,TRUE,-1,307,2,SpotOverlay,2,63ecff07b619306f41db42fa,3,3,3,No,alone,3,2025-05-19 9:37:05,2,Male,34,9,TRUE,4.4,2.07,2.4,2.23,4.6
TRUE,Instagram,TRUE,-2,188,3,Pop-Up,5,63ecff07b619306f41db42fa,3,4,3,No,alone,2,2025-05-20 17:29:28,3,Male,34,17,TRUE,4.4,2.07,2.4,2.23,4.6
TRUE,Instagram,FALSE,-1,158,3,SpotOverlay,3,63ecff07b619306f41db42fa,3,3,2,No,alone,2,2025-05-18 13:24:28,3,Male,34,13,FALSE,4.2,2.07,2.4,2.23,4.6
TRUE,Instagram,TRUE,-2,7,4,Pop-Up,6,63ecff07b619306f41db42fa,3,4,4,No,alone,2,2025-05-19 17:07:49,4,Male,34,17,TRUE,4.2,2.07,2.4,2.23,4.6
TRUE,Instagram,TRUE,-2,84,4,Vibration,6,63ecff07b619306f41db42fa,3,4,5,No,alone,1,2025-05-20 21:08:23,4,Male,34,21,TRUE,4.2,2.07,2.4,2.23,4.6
TRUE,,FALSE,-1,8,4,Pop-Up,3,63ecff07b619306f41db42fa,3,4,5,No,alone,1,2025-05-18 11:51:33,4,Male,34,11,FALSE,4,2.07,2.4,2.23,4.6
TRUE,Instagram,TRUE,-2,102,4,SpotOverlay,2,63ecff07b619306f41db42fa,3,4,3,No,alone,1,2025-05-19 10:05:56,3,Male,34,10,TRUE,4,2.07,2.4,2.23,4.6
TRUE,,TRUE,-2,48,3,Vibration,1,63ecff07b619306f41db42fa,3,3,3,No,alone,1,2025-05-20 7:54:10,3,Male,34,7,TRUE,4.2,2.07,2.4,2.23,4.6
TRUE,Instagram,TRUE,-2,53,4,SpotOverlay,4,63ecff07b619306f41db42fa,3,4,3,No,alone,2,2025-05-20 15:06:31,4,Male,34,15,TRUE,4.2,2.07,2.4,2.23,4.6
TRUE,Instagram,TRUE,-1,59,2,Vibration,4,63ecff07b619306f41db42fa,3,3,3,No,alone,3,2025-05-17 22:03:53,3,Male,34,22,FALSE,4.2,2.07,2.4,2.23,4.6
TRUE,Instagram,TRUE,-2,130,4,SpotOverlay,1,63ecff07b619306f41db42fa,3,4,4,No,alone,1,2025-05-21 8:22:55,4,Male,34,8,TRUE,4.4,2.07,2.4,2.23,4.6
TRUE,Instagram,TRUE,-2,34,4,SpotOverlay,7,63ecff07b619306f41db42fa,3,4,3,No,alone,2,2025-05-20 21:54:44,3,Male,34,21,TRUE,4.2,2.07,2.4,2.23,4.6
TRUE,Instagram,TRUE,-2,171,3,Vibration,1,63ecff07b619306f41db42fa,3,4,3,No,alone,2,2025-05-18 6:00:30,3,Male,34,6,FALSE,4.4,2.07,2.4,2.23,4.6
TRUE,Instagram,FALSE,2,7,4,Pop-Up,4,63ecff07b619306f41db42fa,3,4,5,No,alone,2,2025-05-21 19:48:42,3,Male,34,19,TRUE,4.2,2.07,2.4,2.23,4.6
TRUE,Instagram,TRUE,-2,126,4,SpotOverlay,5,63ecff07b619306f41db42fa,3,3,3,No,alone,2,2025-05-19 15:51:02,3,Male,34,15,TRUE,4.2,2.07,2.4,2.23,4.6
TRUE,,TRUE,-2,139,3,Vibration,4,63ecff07b619306f41db42fa,3,4,3,No,alone,1,2025-05-20 16:07:06,2,Male,34,16,TRUE,4.2,2.07,2.4,2.23,4.6
TRUE,TikTok,TRUE,-3,82,3,Vibration,3,63ecff07b619306f41db42fa,3,4,5,No,alone,2,2025-05-17 15:53:25,2,Male,34,15,FALSE,4,2.07,2.4,2.23,4.6
TRUE,Instagram,TRUE,-2,115,4,SpotOverlay,7,63ecff07b619306f41db42fa,3,4,3,No,alone,2,2025-05-20 22:26:38,3,Male,34,22,TRUE,4.2,2.07,2.4,2.23,4.6
TRUE,Instagram,FALSE,1,99,4,SpotOverlay,3,63ecff07b619306f41db42fa,3,4,5,No,alone,2,2025-05-21 14:41:56,3,Male,34,14,TRUE,4.2,2.07,2.4,2.23,4.6
TRUE,Instagram,TRUE,-1,56,4,SpotOverlay,5,63ecff07b619306f41db42fa,3,4,5,No,alone,2,2025-05-19 15:15:39,3,Male,34,15,TRUE,4.2,2.07,2.4,2.23,4.6
TRUE,,FALSE,2,57,4,SpotOverlay,4,63ecff07b619306f41db42fa,3,4,5,No,alone,2,2025-05-21 17:50:14,3,Male,34,17,TRUE,4.2,2.07,2.4,2.23,4.6
TRUE,Instagram,TRUE,-2,28,4,Vibration,8,63ecff07b619306f41db42fa,3,4,3,No,alone,1,2025-05-20 23:23:22,3,Male,34,23,TRUE,4.2,2.07,2.4,2.23,4.6
TRUE,Instagram,FALSE,-1,26,3,Pop-Up,4,63ecff07b619306f41db42fa,3,3,2,No,alone,2,2025-05-18 15:02:58,4,Male,34,15,FALSE,4,2.07,2.4,2.23,4.6
TRUE,Instagram,TRUE,-2,103,2,SpotOverlay,3,63ecff07b619306f41db42fa,3,3,4,No,alone,1,2025-05-20 13:07:48,3,Male,34,13,TRUE,4.2,2.07,2.4,2.23,4.6
TRUE,Instagram,TRUE,-2,222,2,Vibration,9,63ecff07b619306f41db42fa,3,2,2,No,alone,1,2025-05-20 23:51:15,2,Male,34,23,TRUE,4.4,2.07,2.4,2.23,4.6
TRUE,Instagram,TRUE,-2,147,4,SpotOverlay,6,63ecff07b619306f41db42fa,3,4,3,No,alone,1,2025-05-20 20:03:31,3,Male,34,20,TRUE,4.2,2.07,2.4,2.23,4.6
TRUE,,TRUE,-3,118,4,SpotOverlay,1,63ecff07b619306f41db42fa,3,4,4,No,alone,1,2025-05-20 7:00:31,3,Male,34,7,TRUE,4.2,2.07,2.4,2.23,4.6
TRUE,,FALSE,0,4,4,Pop-Up,3,63ecff07b619306f41db42fa,3,4,6,No,alone,1,2025-05-18 10:48:31,3,Male,34,10,FALSE,4,2.07,2.4,2.23,4.6
TRUE,Instagram,TRUE,-2,28,4,Pop-Up,5,63ecff07b619306f41db42fa,3,4,4,No,alone,2,2025-05-20 18:11:19,5,Male,34,18,TRUE,4.2,2.07,2.4,2.23,4.6
TRUE,Instagram,FALSE,-1,41,3,Pop-Up,5,63ecff07b619306f41db42fa,3,3,3,No,alone,1,2025-05-18 15:59:50,2,Male,34,15,FALSE,4,2.07,2.4,2.23,4.6
TRUE,Instagram,TRUE,-3,18,3,Pop-Up,7,63ecff07b619306f41db42fa,3,3,4,No,alone,1,2025-05-18 22:16:39,2,Male,34,22,FALSE,4.2,2.07,2.4,2.23,4.6
TRUE,TikTok,TRUE,1,15,2,Pop-Up,1,63ecff07b619306f41db42fa,3,2,4,No,alone,1,2025-05-15 11:00:47,2,Male,34,11,TRUE,5,2.07,2.4,2.23,4.6
TRUE,,TRUE,-3,2,3,Pop-Up,1,63ecff07b619306f41db42fa,3,2,3,No,alone,1,2025-05-19 6:25:51,2,Male,34,6,TRUE,4,2.07,2.4,2.23,4.6
TRUE,Instagram,TRUE,-2,73,3,SpotOverlay,3,63ecff07b619306f41db42fa,3,4,5,No,alone,2,2025-05-17 23:22:54,3,Male,34,23,FALSE,5,2.07,2.4,2.23,4.6
TRUE,Instagram,FALSE,2,185,4,Vibration,5,63ecff07b619306f41db42fa,3,3,2,No,alone,3,2025-05-21 21:01:23,3,Male,34,21,TRUE,4.2,2.07,2.4,2.23,4.6
TRUE,Instagram,TRUE,-1,102,4,SpotOverlay,7,63ecff07b619306f41db42fa,3,4,5,No,alone,2,2025-05-19 20:05:21,3,Male,34,20,TRUE,4.2,2.07,2.4,2.23,4.6
TRUE,Instagram,TRUE,-2,73,4,Vibration,6,63ecff07b619306f41db42fa,3,4,4,No,alone,2,2025-05-20 20:44:16,3,Male,34,20,TRUE,4.2,2.07,2.4,2.23,4.6
TRUE,,TRUE,-2,10,3,Pop-Up,2,63ecff07b619306f41db42fa,3,3,4,No,alone,1,2025-05-20 12:38:43,2,Male,34,12,TRUE,4.2,2.07,2.4,2.23,4.6
TRUE,Instagram,FALSE,0,255,4,Vibration,5,63ecff07b619306f41db42fa,3,4,2,No,alone,2,2025-05-18 16:35:53,3,Male,34,16,FALSE,4,2.07,2.4,2.23,4.6
TRUE,Instagram,TRUE,-2,119,4,SpotOverlay,3,63ecff07b619306f41db42fa,3,4,5,No,alone,1,2025-05-19 12:22:19,3,Male,34,12,TRUE,4,2.07,2.4,2.23,4.6
TRUE,Instagram,TRUE,-2,151,3,Vibration,3,63ecff07b619306f41db42fa,3,3,3,No,alone,1,2025-05-19 11:52:06,2,Male,34,11,TRUE,4,2.07,2.4,2.23,4.6
TRUE,Instagram,FALSE,2,37,4,SpotOverlay,4,63ecff07b619306f41db42fa,3,4,5,No,alone,2,2025-05-21 18:20:30,3,Male,34,18,TRUE,4.2,2.07,2.4,2.23,4.6
TRUE,Instagram,FALSE,1,50,4,SpotOverlay,2,63ecff07b619306f41db42fa,3,4,5,No,alone,4,2025-05-21 14:06:59,4,Male,34,14,TRUE,4.2,2.07,2.4,2.23,4.6
TRUE,Instagram,TRUE,-1,54,3,Vibration,1,63ecff07b619306f41db42fa,3,3,5,No,alone,2,2025-05-18 5:19:13,4,Male,34,5,FALSE,4.2,2.07,2.4,2.23,4.6
TRUE,Instagram,TRUE,-2,78,4,Vibration,5,63ecff07b619306f41db42fa,3,4,4,No,alone,2,2025-05-20 18:46:40,4,Male,34,18,TRUE,4.4,2.07,2.4,2.23,4.6
TRUE,Instagram,TRUE,-3,78,2,Pop-Up,5,63ecff07b619306f41db42fa,3,4,6,No,alone,2,2025-05-17 22:57:12,2,Male,34,22,FALSE,5,2.07,2.4,2.23,4.6
TRUE,Instagram,TRUE,-3,34,3,Vibration,1,63ecff07b619306f41db42fa,3,4,3,No,alone,1,2025-05-19 8:03:25,3,Male,34,8,TRUE,4,2.07,2.4,2.23,4.6
TRUE,Instagram,TRUE,-2,90,3,Vibration,3,63ecff07b619306f41db42fa,3,4,5,No,alone,1,2025-05-20 14:11:45,3,Male,34,14,TRUE,4.2,2.07,2.4,2.23,4.6
TRUE,Instagram,TRUE,-3,134,3,SpotOverlay,6,63ecff07b619306f41db42fa,3,4,5,No,alone,2,2025-05-18 21:16:06,4,Male,34,21,FALSE,4,2.07,2.4,2.23,4.6
TRUE,Instagram,FALSE,-1,426,2,Vibration,2,63ecff07b619306f41db42fa,3,3,3,No,alone,2,2025-05-18 12:33:49,3,Male,34,12,FALSE,4,2.07,2.4,2.23,4.6
TRUE,Instagram,TRUE,-2,29,3,Pop-Up,2,63ecff07b619306f41db42fa,3,3,4,No,alone,1,2025-05-20 10:21:34,3,Male,34,10,TRUE,4.4,2.07,2.4,2.23,4.6
TRUE,Instagram,TRUE,-2,28,4,Pop-Up,2,63ecff07b619306f41db42fa,3,4,6,No,alone,1,2025-05-19 10:58:22,3,Male,34,10,TRUE,4.4,2.07,2.4,2.23,4.6
TRUE,Instagram,TRUE,-2,119,3,SpotOverlay,6,63ecff07b619306f41db42fa,3,4,4,No,alone,2,2025-05-20 19:29:04,3,Male,34,19,TRUE,4.2,2.07,2.4,2.23,4.6
TRUE,Instagram,TRUE,-2,80,4,Pop-Up,2,63ecff07b619306f41db42fa,3,4,5,No,alone,2,2025-05-18 6:41:47,3,Male,34,6,FALSE,4.2,2.07,2.4,2.23,4.6
TRUE,Instagram,TRUE,-2,72,3,Vibration,4,63ecff07b619306f41db42fa,3,4,5,No,alone,2,2025-05-19 14:15:58,3,Male,34,14,TRUE,4.2,2.07,2.4,2.23,4.6
TRUE,Instagram,TRUE,-2,122,2,SpotOverlay,2,63ecff07b619306f41db42fa,3,3,3,No,alone,1,2025-05-18 8:04:02,2,Male,34,8,FALSE,4,2.07,2.4,2.23,4.6
TRUE,TikTok,TRUE,-2,33,2,Vibration,1,6400d8e645e80091a53f9b21,2,2,2,No,alone,1,2025-03-14 22:46:42,6,Male,26,22,TRUE,4.6,1.73,1,3.77,3.8
TRUE,TikTok,TRUE,-2,20,6,Vibration,6,6400d8e645e80091a53f9b21,4,6,5,No,alone,0,2025-03-14 1:16:12,6,Male,26,1,TRUE,4.4,1.73,1,3.77,3.8
TRUE,TikTok,TRUE,-3,29,4,SpotOverlay,5,6400d945ff7a74a6177ad5dc,4,6,5,No,alone,0,2025-06-04 9:50:01,5,Male,31,9,TRUE,1.2,2.87,0,3.15,1.4
TRUE,TikTok,TRUE,2,25,4,Vibration,4,6400d945ff7a74a6177ad5dc,4,4,4,No,alone,1,2025-06-06 10:21:19,5,Male,31,10,TRUE,3,2.87,0,3.15,1.4
TRUE,YouTube,TRUE,-3,0,2,SpotOverlay,1,6416533bd4ee6639c3df6040,4,1,7,Yes,alone,0,2025-03-15 14:16:33,1,Male,20,14,FALSE,5,2.27,0,2.15,3.4
TRUE,YouTube,TRUE,-3,3,3,Pop-Up,4,6416533bd4ee6639c3df6040,4,3,5,Yes,alone,1,2025-03-10 9:19:54,3,Male,20,9,TRUE,4,2.27,0,2.15,3.4
TRUE,,FALSE,-2,0,5,Pop-Up,1,6416533bd4ee6639c3df6040,5,2,6,Yes,friends,1,2025-03-13 21:19:48,5,Male,20,21,TRUE,4.2,2.27,0,2.15,3.4
TRUE,YouTube,FALSE,-1,0,5,Pop-Up,3,6416533bd4ee6639c3df6040,3,2,6,Yes,friends,3,2025-03-10 13:54:53,1,Male,20,13,TRUE,4,2.27,0,2.15,3.4
TRUE,,TRUE,-2,24,2,SpotOverlay,3,6416533bd4ee6639c3df6040,4,4,7,No,friends,3,2025-03-15 10:02:09,1,Male,20,10,FALSE,4.2,2.27,0,2.15,3.4
TRUE,,TRUE,-3,564,2,SpotOverlay,2,6416533bd4ee6639c3df6040,5,1,7,Yes,friends,0,2025-03-16 19:14:31,2,Male,20,19,FALSE,5,2.27,0,2.15,3.4
TRUE,,TRUE,-3,0,5,Vibration,2,6416533bd4ee6639c3df6040,3,2,1,Yes,alone,1,2025-03-10 9:53:18,2,Male,20,9,TRUE,4,2.27,0,2.15,3.4
TRUE,YouTube,TRUE,-3,11,2,Pop-Up,2,6416533bd4ee6639c3df6040,4,2,6,Yes,alone,0,2025-03-10 9:36:09,1,Male,20,9,TRUE,4.4,2.27,0,2.15,3.4
TRUE,Facebook,TRUE,-3,22,3,Pop-Up,4,643918b7df602a9f3f3f66d7,3,3,3,No,friends,3,2025-02-22 9:33:20,2,Male,54,9,FALSE,4.6,2.4,0.6,3.54,3
TRUE,Facebook,TRUE,-3,88,3,Pop-Up,3,643918b7df602a9f3f3f66d7,4,3,4,No,alone,1,2025-02-23 20:21:24,2,Male,54,20,FALSE,4.8,2.4,0.6,3.54,3
TRUE,Facebook,TRUE,-3,86,2,SpotOverlay,3,643918b7df602a9f3f3f66d7,3,1,3,No,alone,5,2025-02-22 10:56:54,2,Male,54,10,FALSE,3.8,2.4,0.6,3.54,3
TRUE,TikTok,TRUE,-2,37,2,Vibration,2,648746670a6ffb0022fdb933,4,2,6,Yes,alone,2,2025-04-03 23:40:22,2,Male,51,23,TRUE,4,2.33,0.8,2.23,3.6
TRUE,TikTok,TRUE,-2,30,2,SpotOverlay,2,648746670a6ffb0022fdb933,3,2,6,Yes,alone,2,2025-04-02 1:14:17,2,Male,51,1,TRUE,4,2.33,0.8,2.23,3.6
TRUE,TikTok,TRUE,-3,30,2,SpotOverlay,1,648746670a6ffb0022fdb933,4,2,6,Yes,alone,1,2025-04-04 14:49:05,2,Male,51,14,TRUE,4,2.33,0.8,2.23,3.6
TRUE,TikTok,TRUE,-2,0,2,Pop-Up,3,648746670a6ffb0022fdb933,4,2,6,Yes,alone,2,2025-04-01 22:51:09,2,Male,51,22,TRUE,4,2.33,0.8,2.23,3.6
TRUE,TikTok,TRUE,-1,35,2,Vibration,2,648746670a6ffb0022fdb933,4,2,6,Yes,alone,1,2025-04-01 15:29:42,2,Male,51,15,TRUE,4,2.33,0.8,2.23,3.6
TRUE,TikTok,TRUE,-2,128,2,SpotOverlay,3,648746670a6ffb0022fdb933,4,2,5,No,alone,2,2025-03-30 15:10:40,2,Male,51,15,FALSE,4,2.33,0.8,2.23,3.6
TRUE,TikTok,TRUE,-3,36,2,Vibration,5,648746670a6ffb0022fdb933,3,2,6,Yes,alone,1,2025-03-31 3:04:39,2,Male,51,3,TRUE,4,2.33,0.8,2.23,3.6
TRUE,TikTok,TRUE,-3,46,2,SpotOverlay,1,648746670a6ffb0022fdb933,4,2,6,Yes,alone,1,2025-04-05 12:37:56,2,Male,51,12,FALSE,4,2.33,0.8,2.23,3.6
TRUE,TikTok,TRUE,-2,74,2,SpotOverlay,2,648746670a6ffb0022fdb933,4,2,6,Yes,alone,1,2025-04-02 22:45:01,2,Male,51,22,TRUE,4,2.33,0.8,2.23,3.6
TRUE,TikTok,TRUE,-3,12,2,Vibration,1,648746670a6ffb0022fdb933,4,2,6,Yes,alone,1,2025-04-04 15:08:54,2,Male,51,15,TRUE,4,2.33,0.8,2.23,3.6
TRUE,TikTok,TRUE,-2,3,2,SpotOverlay,2,648746670a6ffb0022fdb933,4,2,6,Yes,alone,1,2025-04-02 23:07:50,2,Male,51,23,TRUE,4,2.33,0.8,2.23,3.6
TRUE,TikTok,TRUE,-2,3,2,Pop-Up,2,648746670a6ffb0022fdb933,4,2,6,Yes,alone,1,2025-04-04 20:20:22,2,Male,51,20,TRUE,4,2.33,0.8,2.23,3.6
TRUE,TikTok,TRUE,-2,36,3,Vibration,4,648746670a6ffb0022fdb933,3,2,6,Yes,alone,1,2025-03-31 2:18:26,2,Male,51,2,TRUE,4,2.33,0.8,2.23,3.6
TRUE,TikTok,TRUE,-2,10,2,Pop-Up,4,648746670a6ffb0022fdb933,3,2,6,Yes,alone,3,2025-03-30 22:40:00,2,Male,51,22,FALSE,4,2.33,0.8,2.23,3.6
TRUE,TikTok,TRUE,-2,72,2,SpotOverlay,2,648746670a6ffb0022fdb933,4,2,6,Yes,alone,1,2025-04-04 19:27:59,2,Male,51,19,TRUE,4,2.33,0.8,2.23,3.6
TRUE,TikTok,TRUE,-2,28,2,Vibration,4,648746670a6ffb0022fdb933,3,2,6,Yes,alone,3,2025-03-30 21:33:38,3,Male,51,21,FALSE,4,2.33,0.8,2.23,3.6
TRUE,TikTok,TRUE,-2,26,2,SpotOverlay,2,648746670a6ffb0022fdb933,3,2,6,Yes,alone,2,2025-04-01 22:01:16,2,Male,51,22,TRUE,4,2.33,0.8,2.23,3.6
TRUE,TikTok,TRUE,-2,17,2,Vibration,2,648746670a6ffb0022fdb933,4,2,6,Yes,alone,1,2025-04-04 19:54:48,2,Male,51,19,TRUE,4,2.33,0.8,2.23,3.6
TRUE,TikTok,TRUE,-3,6,2,Vibration,5,648746670a6ffb0022fdb933,3,2,6,Yes,alone,1,2025-03-31 3:20:23,2,Male,51,3,TRUE,4,2.33,0.8,2.23,3.6
TRUE,TikTok,TRUE,-2,9,2,Vibration,2,648746670a6ffb0022fdb933,4,2,6,Yes,alone,2,2025-04-03 22:50:04,2,Male,51,22,TRUE,4,2.33,0.8,2.23,3.6
TRUE,TikTok,TRUE,-2,92,2,SpotOverlay,3,648746670a6ffb0022fdb933,3,2,6,Yes,alone,3,2025-03-30 22:57:08,2,Male,51,22,FALSE,4,2.33,0.8,2.23,3.6
TRUE,TikTok,TRUE,-2,15,2,Vibration,3,648746670a6ffb0022fdb933,3,2,6,Yes,alone,2,2025-04-02 2:08:31,2,Male,51,2,TRUE,4,2.33,0.8,2.23,3.6
TRUE,TikTok,TRUE,-2,17,2,Vibration,2,648746670a6ffb0022fdb933,4,2,6,Yes,alone,2,2025-04-03 23:56:00,2,Male,51,23,TRUE,4,2.33,0.8,2.23,3.6
TRUE,TikTok,TRUE,-3,0,7,Vibration,4,649d257f5e8bfe6ee264e160,4,7,5,Yes,alone,2,2025-06-01 0:11:54,7,Male,34,0,FALSE,4,2.07,1.8,2.85,3.8
TRUE,,TRUE,-3,61,7,Vibration,5,649d257f5e8bfe6ee264e160,4,7,5,Yes,alone,2,2025-06-01 22:53:07,7,Male,34,22,FALSE,4.2,2.07,1.8,2.85,3.8
TRUE,Facebook,TRUE,-2,300,5,Pop-Up,6,65250c54bcd24a2fcf5ee728,4,5,6,No,alone,1,2025-05-21 9:40:18,5,Male,53,9,TRUE,2.8,2.33,1,3.15,1
TRUE,,TRUE,-3,1,4,Pop-Up,1,652ebf9490189b8b57f1ce35,5,2,2,Yes,alone,0,2025-02-25 15:12:58,1,Male,31,15,TRUE,4.2,1.8,2,3.54,3.6
TRUE,,TRUE,1,3,1,Vibration,1,652ebf9490189b8b57f1ce35,3,1,2,Yes,alone,4,2025-02-27 14:37:51,1,Male,31,14,TRUE,4.4,1.8,2,3.54,3.6
TRUE,,TRUE,-3,1,1,SpotOverlay,6,652ebf9490189b8b57f1ce35,3,1,1,Yes,alone,0,2025-03-02 8:29:44,1,Male,31,8,FALSE,4.6,1.8,2,3.54,3.6
TRUE,,TRUE,-3,6,4,Pop-Up,7,652ebf9490189b8b57f1ce35,3,3,4,Yes,alone,0,2025-02-24 20:41:52,5,Male,31,20,TRUE,3.8,1.8,2,3.54,3.6
TRUE,,TRUE,-3,1,7,Vibration,1,652ebf9490189b8b57f1ce35,5,4,4,Yes,alone,0,2025-02-25 10:23:27,1,Male,31,10,TRUE,4.4,1.8,2,3.54,3.6
TRUE,,TRUE,-3,0,4,Vibration,7,652ebf9490189b8b57f1ce35,5,5,4,Yes,alone,0,2025-02-27 12:43:16,1,Male,31,12,TRUE,3,1.8,2,3.54,3.6
TRUE,YouTube,TRUE,-3,24,2,Vibration,7,652ebf9490189b8b57f1ce35,3,1,1,No,alone,0,2025-02-24 20:59:24,6,Male,31,20,TRUE,4.6,1.8,2,3.54,3.6
TRUE,,TRUE,-3,3,1,Pop-Up,1,652ebf9490189b8b57f1ce35,3,1,4,Yes,alone,0,2025-02-25 12:59:41,1,Male,31,12,TRUE,3.8,1.8,2,3.54,3.6
TRUE,YouTube,TRUE,-2,120,1,Pop-Up,4,652ebf9490189b8b57f1ce35,3,1,5,No,alone,3,2025-02-27 17:48:01,1,Male,31,17,TRUE,4.2,1.8,2,3.54,3.6
TRUE,YouTube,FALSE,-2,57,5,SpotOverlay,4,653d3b418bce22526d2639b4,4,6,6,Yes,alone,2,2025-05-24 14:48:53,6,Male,33,14,FALSE,3.6,1.93,1.6,2.85,2.2
TRUE,TikTok,TRUE,-3,148,4,SpotOverlay,4,653d3b418bce22526d2639b4,2,2,2,No,friends,1,2025-05-24 16:37:25,1,Male,33,16,FALSE,4.4,1.93,1.6,2.85,2.2
TRUE,,TRUE,-3,2,2,Pop-Up,3,653d3b418bce22526d2639b4,3,3,5,No,friends,3,2025-05-24 12:32:20,3,Male,33,12,FALSE,3.4,1.93,1.6,2.85,2.2
TRUE,Facebook,TRUE,-3,30,5,Vibration,5,653d3b418bce22526d2639b4,3,5,5,No,friends,2,2025-05-22 16:57:53,5,Male,33,16,TRUE,3.6,1.93,1.6,2.85,2.2
TRUE,YouTube,TRUE,-2,16,4,Pop-Up,3,653d3b418bce22526d2639b4,4,6,6,Yes,alone,2,2025-05-24 15:13:11,5,Male,33,15,FALSE,3.6,1.93,1.6,2.85,2.2
TRUE,,TRUE,-3,158,4,SpotOverlay,4,653d3b418bce22526d2639b4,3,3,3,No,friends,3,2025-05-22 13:39:54,4,Male,33,13,TRUE,3.2,1.93,1.6,2.85,2.2
TRUE,Instagram,TRUE,2,120,4,SpotOverlay,5,6543b26af1e6e62e562a4177,3,3,2,Yes,alone,7,2025-05-19 11:57:33,3,Male,33,11,TRUE,4,2.13,1,3,3.6
TRUE,Instagram,TRUE,2,5,4,Pop-Up,5,6543b26af1e6e62e562a4177,3,5,3,Yes,alone,6,2025-05-19 10:55:51,5,Male,33,10,TRUE,2.8,2.13,1,3,3.6
TRUE,Facebook,TRUE,-2,3,5,Pop-Up,6,6543b26af1e6e62e562a4177,4,5,3,Yes,friends,3,2025-05-22 18:43:42,5,Male,33,18,TRUE,4,2.13,1,3,3.6
TRUE,Instagram,TRUE,-2,108,5,SpotOverlay,2,6543b26af1e6e62e562a4177,4,5,6,Yes,friends,2,2025-05-24 20:17:22,5,Male,33,20,FALSE,3.2,2.13,1,3,3.6
TRUE,Instagram,TRUE,-2,12,4,Vibration,3,6543b26af1e6e62e562a4177,3,5,2,Yes,friends,1,2025-05-19 20:07:20,5,Male,33,20,TRUE,4,2.13,1,3,3.6
TRUE,Facebook,TRUE,-3,55,5,SpotOverlay,5,6543b26af1e6e62e562a4177,4,5,4,Yes,friends,1,2025-05-24 19:51:11,5,Male,33,19,FALSE,3,2.13,1,3,3.6
TRUE,Instagram,TRUE,2,71,4,SpotOverlay,4,6543b26af1e6e62e562a4177,3,2,2,Yes,alone,6,2025-05-19 11:39:00,5,Male,33,11,TRUE,3.8,2.13,1,3,3.6
TRUE,Instagram,TRUE,-3,2,5,Pop-Up,1,6543b26af1e6e62e562a4177,4,5,2,Yes,friends,0,2025-05-24 9:29:02,5,Male,33,9,FALSE,4,2.13,1,3,3.6
TRUE,Instagram,TRUE,-2,5,5,Pop-Up,2,6543b26af1e6e62e562a4177,4,5,5,Yes,friends,2,2025-05-24 20:33:09,5,Male,33,20,FALSE,4,2.13,1,3,3.6
TRUE,Instagram,TRUE,-3,3,5,Pop-Up,2,6543b26af1e6e62e562a4177,4,5,4,Yes,friends,1,2025-05-21 19:46:44,5,Male,33,19,TRUE,4,2.13,1,3,3.6
TRUE,Instagram,TRUE,-2,7,4,Pop-Up,1,6543b26af1e6e62e562a4177,4,4,5,Yes,friends,1,2025-05-21 17:13:32,4,Male,33,17,TRUE,3.8,2.13,1,3,3.6
TRUE,Instagram,TRUE,-2,3,4,Pop-Up,3,6543b26af1e6e62e562a4177,4,5,4,Yes,friends,2,2025-05-19 20:23:03,5,Male,33,20,TRUE,3.2,2.13,1,3,3.6
TRUE,Instagram,TRUE,-2,7,4,Vibration,3,6543b26af1e6e62e562a4177,3,4,4,Yes,friends,1,2025-05-18 16:47:42,4,Male,33,16,FALSE,3,2.13,1,3,3.6
TRUE,Instagram,TRUE,2,174,4,Vibration,1,6543b26af1e6e62e562a4177,4,1,1,Yes,alone,4,2025-05-22 15:14:49,5,Male,33,15,TRUE,4,2.13,1,3,3.6
TRUE,TikTok,TRUE,-3,1033,2,Pop-Up,2,654e37a130d94b47675dcebe,3,2,6,Yes,alone,6,2025-05-18 14:48:51,2,Male,34,14,FALSE,5,2.73,0.4,2.38,2.8
TRUE,,TRUE,-3,0,3,Pop-Up,8,654e37a130d94b47675dcebe,4,5,6,No,friends,3,2025-05-16 21:54:23,6,Male,34,21,TRUE,4.2,2.73,0.4,2.38,2.8
TRUE,TikTok,TRUE,-3,7,1,Vibration,8,654e37a130d94b47675dcebe,3,1,2,No,friends,1,2025-05-20 23:16:23,1,Male,34,23,TRUE,4.4,2.73,0.4,2.38,2.8
TRUE,Facebook,TRUE,0,33,5,SpotOverlay,4,654e37fa26d78df94fd43c1a,4,4,6,No,alone,4,2025-03-20 0:21:32,4,Male,45,0,TRUE,4.2,3.07,2.2,2.08,4
TRUE,,TRUE,-2,1238,4,Pop-Up,6,654e37fa26d78df94fd43c1a,4,4,5,No,alone,3,2025-03-21 8:59:15,4,Male,45,8,TRUE,3.8,3.07,2.2,2.08,4
TRUE,Facebook,TRUE,-3,1546,4,Pop-Up,6,654f0fa9a6d9987cb675ec64,4,4,6,Yes,alone,1,2025-05-16 22:44:49,3,Female,62,22,TRUE,5,1.67,1,4,3.4
TRUE,Facebook,TRUE,-2,243,4,Pop-Up,3,654f0fa9a6d9987cb675ec64,4,3,7,Yes,alone,2,2025-05-17 19:20:30,1,Female,62,19,FALSE,5,1.67,1,4,3.4
TRUE,,TRUE,-3,4,3,SpotOverlay,7,654f89d4924d0d5a050f375d,2,4,4,Yes,friends,5,2025-03-17 19:54:41,3,Male,44,19,TRUE,3.8,2.93,1.8,2.46,3.2
TRUE,,TRUE,0,0,2,SpotOverlay,5,654f89d4924d0d5a050f375d,2,3,3,Yes,friends,5,2025-03-16 14:27:23,2,Male,44,14,FALSE,4.2,2.93,1.8,2.46,3.2
TRUE,Instagram,TRUE,-1,93,4,SpotOverlay,5,654f89d4924d0d5a050f375d,2,3,3,No,friends,5,2025-03-15 9:02:05,3,Male,44,9,FALSE,4,2.93,1.8,2.46,3.2
TRUE,Facebook,TRUE,0,65,5,SpotOverlay,7,654f89d4924d0d5a050f375d,4,5,5,Yes,friends,5,2025-03-12 19:19:34,5,Male,44,19,TRUE,3,2.93,1.8,2.46,3.2
TRUE,,FALSE,1,4,5,Pop-Up,7,654f89d4924d0d5a050f375d,2,4,4,No,friends,6,2025-03-17 16:25:24,5,Male,44,16,TRUE,3.2,2.93,1.8,2.46,3.2
TRUE,,TRUE,1,0,5,Vibration,4,654f89d4924d0d5a050f375d,3,4,5,Yes,friends,4,2025-03-16 10:04:57,4,Male,44,10,FALSE,3.8,2.93,1.8,2.46,3.2
TRUE,,FALSE,1,28,5,Vibration,7,654f89d4924d0d5a050f375d,3,5,3,No,alone,4,2025-03-17 9:07:57,5,Male,44,9,TRUE,3,2.93,1.8,2.46,3.2
TRUE,,TRUE,-1,1,4,Vibration,7,654f89d4924d0d5a050f375d,2,3,3,No,alone,7,2025-03-13 8:17:14,4,Male,44,8,TRUE,4,2.93,1.8,2.46,3.2
TRUE,,TRUE,-1,1,5,Vibration,7,654f89d4924d0d5a050f375d,2,2,3,Yes,alone,6,2025-03-13 14:34:54,3,Male,44,14,TRUE,4,2.93,1.8,2.46,3.2
TRUE,,TRUE,-3,6,5,Pop-Up,5,654f89d4924d0d5a050f375d,4,5,5,Yes,friends,5,2025-03-15 10:58:17,5,Male,44,10,FALSE,3,2.93,1.8,2.46,3.2
TRUE,,TRUE,-2,4,3,SpotOverlay,7,654f89d4924d0d5a050f375d,2,4,4,No,friends,5,2025-03-17 19:54:41,3,Male,44,19,TRUE,3.4,2.93,1.8,2.46,3.2
TRUE,,FALSE,1,22,6,SpotOverlay,5,654f89d4924d0d5a050f375d,4,6,5,Yes,friends,7,2025-03-18 14:21:49,6,Male,44,14,TRUE,2.4,2.93,1.8,2.46,3.2
TRUE,,TRUE,-2,0,4,Pop-Up,6,654f89d4924d0d5a050f375d,2,5,4,Yes,alone,5,2025-03-14 13:57:50,5,Male,44,13,TRUE,3,2.93,1.8,2.46,3.2
TRUE,Facebook,TRUE,0,47,4,Vibration,5,654f89d4924d0d5a050f375d,3,2,3,No,friends,3,2025-03-16 9:20:47,3,Male,44,9,FALSE,4.4,2.93,1.8,2.46,3.2
TRUE,Facebook,FALSE,1,0,6,Pop-Up,4,654f89d4924d0d5a050f375d,4,6,6,Yes,friends,7,2025-03-17 11:15:11,6,Male,44,11,TRUE,2.2,2.93,1.8,2.46,3.2
TRUE,,TRUE,-2,0,3,SpotOverlay,6,654f89d4924d0d5a050f375d,2,3,3,No,friends,6,2025-03-13 13:43:25,5,Male,44,13,TRUE,4,2.93,1.8,2.46,3.2
TRUE,,FALSE,1,9,5,Pop-Up,4,654f89d4924d0d5a050f375d,4,5,5,No,friends,4,2025-03-17 10:11:23,5,Male,44,10,TRUE,2.4,2.93,1.8,2.46,3.2
TRUE,,FALSE,2,15,5,Vibration,6,654f89d4924d0d5a050f375d,3,6,6,Yes,friends,6,2025-03-18 15:51:07,5,Male,44,15,TRUE,2.2,2.93,1.8,2.46,3.2
TRUE,,TRUE,-3,14,2,Vibration,6,654f89d4924d0d5a050f375d,2,2,2,Yes,friends,5,2025-03-14 21:23:58,4,Male,44,21,TRUE,3.4,2.93,1.8,2.46,3.2
TRUE,,TRUE,-1,133,3,SpotOverlay,5,654f89d4924d0d5a050f375d,2,3,3,No,friends,5,2025-03-15 9:26:37,3,Male,44,9,FALSE,4,2.93,1.8,2.46,3.2
TRUE,,TRUE,-1,23,3,Vibration,7,654f89d4924d0d5a050f375d,2,4,4,Yes,friends,6,2025-03-12 10:29:49,4,Male,44,10,TRUE,3.6,2.93,1.8,2.46,3.2
TRUE,,TRUE,-1,57,3,Vibration,6,655f8d942652c2e7defdb816,2,2,3,Yes,friends,7,2025-03-29 21:49:46,3,Female,28,21,FALSE,4,2.73,2,2.15,4.8
TRUE,TikTok,TRUE,-1,53,2,Vibration,9,655f8d942652c2e7defdb816,2,2,2,No,alone,1,2025-04-05 1:39:08,2,Female,28,1,FALSE,5,2.73,2,2.15,4.8
TRUE,,TRUE,-2,41,5,Pop-Up,7,655f8d942652c2e7defdb816,3,7,7,Yes,friends,1,2025-04-03 23:56:41,7,Female,28,23,TRUE,5,2.73,2,2.15,4.8
TRUE,,TRUE,0,12,3,Vibration,1,655f8d942652c2e7defdb816,3,2,3,Yes,friends,5,2025-03-30 20:32:47,3,Female,28,20,FALSE,4,2.73,2,2.15,4.8
TRUE,TikTok,TRUE,0,851,6,Pop-Up,9,655f8d942652c2e7defdb816,3,6,6,No,alone,2,2025-03-30 5:01:32,6,Female,28,5,FALSE,4,2.73,2,2.15,4.8
TRUE,TikTok,FALSE,0,29,1,SpotOverlay,2,655f8d942652c2e7defdb816,2,1,1,Yes,friends,5,2025-04-05 11:49:40,1,Female,28,11,FALSE,5,2.73,2,2.15,4.8
TRUE,TikTok,FALSE,3,122,1,SpotOverlay,4,655f8d942652c2e7defdb816,3,1,1,Yes,alone,4,2025-04-04 11:42:16,1,Female,28,11,TRUE,5,2.73,2,2.15,4.8
TRUE,TikTok,TRUE,0,226,1,Vibration,1,655f8d942652c2e7defdb816,2,1,7,No,alone,3,2025-04-01 14:36:21,1,Female,28,14,TRUE,5,2.73,2,2.15,4.8
TRUE,TikTok,TRUE,0,513,4,Vibration,1,655f8d942652c2e7defdb816,3,1,4,Yes,alone,0,2025-04-01 15:36:58,4,Female,28,15,TRUE,5,2.73,2,2.15,4.8
TRUE,TikTok,TRUE,0,28,7,Vibration,4,655f8d942652c2e7defdb816,3,7,7,No,alone,5,2025-04-04 9:54:24,7,Female,28,9,TRUE,5,2.73,2,2.15,4.8
TRUE,,FALSE,0,13,2,Vibration,5,655f8d942652c2e7defdb816,3,1,2,Yes,friends,7,2025-04-03 11:44:53,1,Female,28,11,TRUE,5,2.73,2,2.15,4.8
TRUE,,FALSE,3,222,4,SpotOverlay,1,655f8d942652c2e7defdb816,3,4,4,Yes,friends,2,2025-04-02 15:39:19,3,Female,28,15,TRUE,5,2.73,2,2.15,4.8
TRUE,,TRUE,0,756,4,SpotOverlay,5,655f8d942652c2e7defdb816,3,4,4,Yes,friends,5,2025-03-30 10:26:07,4,Female,28,10,FALSE,4,2.73,2,2.15,4.8
TRUE,TikTok,TRUE,0,154,3,Vibration,9,655f8d942652c2e7defdb816,2,3,2,No,alone,4,2025-03-30 5:25:10,3,Female,28,5,FALSE,4,2.73,2,2.15,4.8
TRUE,TikTok,TRUE,0,161,4,Pop-Up,2,655f8d942652c2e7defdb816,2,4,7,Yes,friends,7,2025-03-29 20:04:06,4,Female,28,20,FALSE,4,2.73,2,2.15,4.8
TRUE,TikTok,FALSE,2,15,4,Vibration,4,655f8d942652c2e7defdb816,3,1,3,Yes,friends,4,2025-04-05 13:11:31,1,Female,28,13,FALSE,5,2.73,2,2.15,4.8
TRUE,TikTok,TRUE,-3,158,1,SpotOverlay,9,655f8d942652c2e7defdb816,3,1,1,No,alone,3,2025-04-05 1:22:41,1,Female,28,1,FALSE,5,2.73,2,2.15,4.8
TRUE,,TRUE,0,36,3,SpotOverlay,2,655f8d942652c2e7defdb816,3,2,2,Yes,friends,1,2025-03-30 11:58:23,3,Female,28,11,FALSE,4,2.73,2,2.15,4.8
TRUE,TikTok,TRUE,0,25,6,Pop-Up,2,655f8d942652c2e7defdb816,3,7,7,No,alone,1,2025-04-01 15:10:42,7,Female,28,15,TRUE,5,2.73,2,2.15,4.8
TRUE,,FALSE,0,724,4,SpotOverlay,1,655f8d942652c2e7defdb816,3,4,4,Yes,friends,2,2025-04-02 14:52:05,4,Female,28,14,TRUE,5,2.73,2,2.15,4.8
TRUE,TikTok,TRUE,0,54,7,SpotOverlay,8,655f8d942652c2e7defdb816,3,7,7,No,alone,1,2025-04-02 8:58:31,7,Female,28,8,TRUE,5,2.73,2,2.15,4.8
TRUE,TikTok,TRUE,-1,168,1,SpotOverlay,9,655f8d942652c2e7defdb816,1,1,1,No,alone,5,2025-04-05 1:57:28,1,Female,28,1,FALSE,5,2.73,2,2.15,4.8
TRUE,TikTok,TRUE,-3,159,1,SpotOverlay,1,657daec012d4254e4dc6f89f,1,1,1,No,alone,10,2025-05-24 7:25:22,1,Female,44,7,FALSE,5,1.87,1.4,4.15,2
TRUE,TikTok,TRUE,-3,84,5,SpotOverlay,4,657daec012d4254e4dc6f89f,4,5,5,No,alone,5,2025-05-18 17:22:41,5,Female,44,17,FALSE,3.8,1.87,1.4,4.15,2
TRUE,Instagram,TRUE,-3,55,1,Pop-Up,1,657daec012d4254e4dc6f89f,1,1,1,Yes,alone,10,2025-05-22 20:40:29,1,Female,44,20,TRUE,5,1.87,1.4,4.15,2
TRUE,TikTok,TRUE,-3,929,7,Pop-Up,9,657daec012d4254e4dc6f89f,1,1,1,Yes,alone,10,2025-05-22 18:59:03,1,Female,44,18,TRUE,5,1.87,1.4,4.15,2
TRUE,TikTok,TRUE,-3,69,1,SpotOverlay,5,657daec012d4254e4dc6f89f,1,1,1,Yes,alone,10,2025-05-22 19:21:59,1,Female,44,19,TRUE,5,1.87,1.4,4.15,2
TRUE,TikTok,TRUE,-3,11,1,Pop-Up,3,657daec012d4254e4dc6f89f,1,1,1,Yes,alone,7,2025-05-22 8:10:34,4,Female,44,8,TRUE,5,1.87,1.4,4.15,2
TRUE,TikTok,TRUE,-3,126,1,SpotOverlay,1,657daec012d4254e4dc6f89f,1,1,7,Yes,alone,9,2025-05-23 17:15:51,1,Female,44,17,TRUE,5,1.87,1.4,4.15,2
TRUE,TikTok,TRUE,-3,205,1,SpotOverlay,1,657daec012d4254e4dc6f89f,1,1,1,Yes,alone,6,2025-05-19 15:53:11,1,Female,44,15,TRUE,5,1.87,1.4,4.15,2
TRUE,TikTok,TRUE,-3,259,1,Vibration,1,657daec012d4254e4dc6f89f,1,1,1,Yes,alone,10,2025-05-23 19:55:46,1,Female,44,19,TRUE,5,1.87,1.4,4.15,2
TRUE,TikTok,TRUE,-3,84,1,SpotOverlay,1,657daec012d4254e4dc6f89f,1,1,1,Yes,alone,10,2025-05-23 15:56:06,1,Female,44,15,TRUE,5,1.87,1.4,4.15,2
TRUE,TikTok,TRUE,-3,118,1,Vibration,1,657daec012d4254e4dc6f89f,1,1,3,Yes,alone,8,2025-05-20 17:23:06,1,Female,44,17,TRUE,5,1.87,1.4,4.15,2
TRUE,Instagram,TRUE,-3,228,1,Pop-Up,5,657daec012d4254e4dc6f89f,1,1,1,Yes,alone,8,2025-05-22 17:42:41,1,Female,44,17,TRUE,5,1.87,1.4,4.15,2
TRUE,TikTok,TRUE,-3,37,1,SpotOverlay,1,657daec012d4254e4dc6f89f,1,1,1,Yes,alone,10,2025-05-23 16:12:25,1,Female,44,16,TRUE,5,1.87,1.4,4.15,2
TRUE,TikTok,TRUE,0,27,4,Vibration,6,657daec012d4254e4dc6f89f,3,4,2,Yes,alone,5,2025-05-19 7:34:04,4,Female,44,7,TRUE,4,1.87,1.4,4.15,2
TRUE,Instagram,TRUE,-3,13,1,Vibration,5,657daec012d4254e4dc6f89f,1,3,1,Yes,alone,8,2025-05-20 6:41:50,1,Female,44,6,TRUE,5,1.87,1.4,4.15,2
TRUE,Instagram,TRUE,-2,1,4,Pop-Up,7,6598124cb009a156ae665edf,4,4,3,No,alone,3,2025-05-27 21:51:48,5,Male,60,21,TRUE,3.6,1.8,1,2.92,2
TRUE,,FALSE,1,0,6,Pop-Up,3,6598124cb009a156ae665edf,4,4,2,No,friends,6,2025-05-31 14:04:03,6,Male,60,14,FALSE,3,1.8,1,2.92,2
TRUE,,TRUE,-3,0,5,Pop-Up,6,6598124cb009a156ae665edf,4,5,3,No,alone,2,2025-06-01 22:47:23,5,Male,60,22,FALSE,3.2,1.8,1,2.92,2
TRUE,,TRUE,-3,0,4,Pop-Up,7,6598124cb009a156ae665edf,3,4,3,Yes,alone,2,2025-06-01 8:01:39,5,Male,60,8,FALSE,3.2,1.8,1,2.92,2
TRUE,Instagram,FALSE,2,369,3,Vibration,6,6598124cb009a156ae665edf,3,3,6,Yes,friends,6,2025-05-30 10:17:09,4,Male,60,10,TRUE,3.4,1.8,1,2.92,2
TRUE,Instagram,TRUE,-3,405,5,SpotOverlay,5,6598124cb009a156ae665edf,4,5,4,Yes,alone,4,2025-05-29 22:10:08,6,Male,60,22,TRUE,3,1.8,1,2.92,2
TRUE,,TRUE,-2,0,4,Pop-Up,4,6598124cb009a156ae665edf,3,3,6,Yes,alone,2,2025-06-01 19:37:26,3,Male,60,19,FALSE,3.8,1.8,1,2.92,2
TRUE,,TRUE,-3,0,4,Pop-Up,5,6598124cb009a156ae665edf,4,5,5,No,alone,0,2025-05-28 15:59:26,4,Male,60,15,TRUE,3.4,1.8,1,2.92,2
TRUE,Instagram,TRUE,0,62,5,Vibration,4,6598124cb009a156ae665edf,4,5,4,Yes,alone,3,2025-05-29 8:00:32,5,Male,60,8,TRUE,3.2,1.8,1,2.92,2
TRUE,Instagram,FALSE,1,93,5,Pop-Up,3,6598124cb009a156ae665edf,4,4,5,Yes,friends,2,2025-05-29 14:42:37,5,Male,60,14,TRUE,2.8,1.8,1,2.92,2
TRUE,Instagram,TRUE,-3,30,5,Vibration,6,6598124cb009a156ae665edf,4,6,3,Yes,alone,3,2025-06-01 17:52:36,6,Male,60,17,FALSE,2,1.8,1,2.92,2
TRUE,Instagram,TRUE,-2,65,5,Vibration,2,6598124cb009a156ae665edf,4,5,2,No,alone,3,2025-05-30 19:36:47,6,Male,60,19,TRUE,2.6,1.8,1,2.92,2
TRUE,Instagram,TRUE,-2,96,3,Vibration,3,6598124cb009a156ae665edf,4,3,2,Yes,alone,3,2025-05-28 8:17:57,4,Male,60,8,TRUE,3.2,1.8,1,2.92,2
TRUE,Instagram,TRUE,-3,243,5,Vibration,3,6598124cb009a156ae665edf,4,5,3,Yes,alone,2,2025-05-28 20:15:22,6,Male,60,20,TRUE,3,1.8,1,2.92,2
TRUE,Instagram,TRUE,-3,142,5,Vibration,3,6598124cb009a156ae665edf,3,5,3,No,alone,2,2025-05-27 23:12:58,6,Male,60,23,TRUE,2.6,1.8,1,2.92,2
TRUE,Instagram,TRUE,-3,201,5,Vibration,7,6598124cb009a156ae665edf,3,5,3,No,alone,2,2025-05-28 22:54:34,6,Male,60,22,TRUE,2.6,1.8,1,2.92,2
TRUE,Instagram,TRUE,0,63,3,SpotOverlay,2,6598124cb009a156ae665edf,4,5,3,Yes,alone,3,2025-05-29 18:12:14,6,Male,60,18,TRUE,3.8,1.8,1,2.92,2
TRUE,TikTok,TRUE,-2,161,5,Vibration,3,6598169d73e65c81eded8285,3,4,3,Yes,alone,2,2025-04-11 13:39:22,3,Female,35,13,TRUE,4,2.33,0.2,3.15,1.6
TRUE,YouTube,TRUE,-3,519,4,Pop-Up,5,65bfb574e58552a0a8fc639d,3,4,4,No,alone,2,2025-02-28 1:12:08,4,Female,60,1,TRUE,3,1.4,0.8,4.31,1
TRUE,YouTube,TRUE,-2,17,4,Pop-Up,5,65bfb574e58552a0a8fc639d,3,5,5,No,alone,4,2025-03-01 22:34:18,4,Female,60,22,FALSE,3,1.4,0.8,4.31,1
TRUE,YouTube,TRUE,-3,0,4,SpotOverlay,5,65bfb574e58552a0a8fc639d,3,4,4,No,alone,2,2025-02-28 0:35:17,4,Female,60,0,TRUE,3,1.4,0.8,4.31,1
TRUE,YouTube,TRUE,-2,0,4,Pop-Up,4,65bfb574e58552a0a8fc639d,3,4,5,No,alone,4,2025-02-27 23:40:10,4,Female,60,23,TRUE,3,1.4,0.8,4.31,1
TRUE,YouTube,TRUE,-2,0,4,Vibration,3,65bfb574e58552a0a8fc639d,4,5,5,Yes,alone,4,2025-02-28 16:51:31,4,Female,60,16,TRUE,3,1.4,0.8,4.31,1
TRUE,TikTok,TRUE,-2,62,3,SpotOverlay,6,65c125b0b25e55f347146839,3,5,5,No,alone,5,2025-06-03 8:48:16,4,Male,46,8,TRUE,3.2,2.6,1.6,2.85,1
TRUE,TikTok,TRUE,-2,166,4,SpotOverlay,6,65c125b0b25e55f347146839,3,4,3,No,alone,7,2025-05-29 10:51:09,5,Male,46,10,TRUE,3.2,2.6,1.6,2.85,1
TRUE,TikTok,TRUE,-3,1662,4,Pop-Up,8,65c125b0b25e55f347146839,3,4,5,No,alone,4,2025-05-30 14:41:12,6,Male,46,14,TRUE,3.4,2.6,1.6,2.85,1
TRUE,Facebook,TRUE,-3,183,4,Pop-Up,9,66087cffde4e0f5ccae86db2,1,4,1,No,alone,7,2025-05-28 14:15:21,4,Female,38,14,TRUE,3.6,2.87,2,3.62,3.8
TRUE,Instagram,TRUE,-3,45,5,Vibration,8,660b46f30e0078173c658320,3,2,2,No,alone,0,2025-03-14 10:24:32,5,Male,28,10,TRUE,3.6,2.6,1.8,2,3.8
TRUE,Instagram,TRUE,-3,204,5,SpotOverlay,4,660b46f30e0078173c658320,3,1,1,No,alone,0,2025-03-19 3:16:33,5,Male,28,3,TRUE,4,2.6,1.8,2,3.8
TRUE,Instagram,TRUE,-3,48,5,Vibration,3,660b46f30e0078173c658320,3,3,3,No,alone,2,2025-03-13 3:53:55,5,Male,28,3,TRUE,3.4,2.6,1.8,2,3.8
TRUE,Instagram,TRUE,-3,15,5,Vibration,4,660b46f30e0078173c658320,3,3,3,No,alone,0,2025-03-16 4:17:13,5,Male,28,4,FALSE,3.8,2.6,1.8,2,3.8
TRUE,Instagram,TRUE,-3,1432,5,Pop-Up,2,660b46f30e0078173c658320,3,4,1,No,alone,1,2025-03-13 11:03:38,5,Male,28,11,TRUE,5,2.6,1.8,2,3.8
TRUE,,TRUE,-3,0,4,Pop-Up,5,660b46f30e0078173c658320,3,4,4,Yes,alone,5,2025-03-13 1:23:16,4,Male,28,1,TRUE,3,2.6,1.8,2,3.8
TRUE,Instagram,TRUE,-3,132,6,SpotOverlay,4,660b46f30e0078173c658320,3,3,1,No,alone,1,2025-03-14 3:10:40,5,Male,28,3,TRUE,3.2,2.6,1.8,2,3.8
TRUE,Instagram,TRUE,-3,504,4,Pop-Up,2,660b46f30e0078173c658320,3,4,5,No,alone,1,2025-03-13 11:28:44,4,Male,28,11,TRUE,5,2.6,1.8,2,3.8
TRUE,Instagram,TRUE,-3,34,5,Vibration,7,660b46f30e0078173c658320,3,3,3,No,alone,0,2025-03-19 9:38:13,5,Male,28,9,TRUE,4.2,2.6,1.8,2,3.8
TRUE,Instagram,TRUE,-2,3548,5,Pop-Up,4,660b46f30e0078173c658320,3,4,4,Yes,alone,0,2025-03-19 10:52:50,5,Male,28,10,TRUE,4.2,2.6,1.8,2,3.8
TRUE,Instagram,TRUE,-3,151,5,SpotOverlay,5,660b46f30e0078173c658320,3,3,2,No,alone,0,2025-03-17 3:37:39,4,Male,28,3,TRUE,4.2,2.6,1.8,2,3.8
TRUE,,TRUE,-3,0,3,Vibration,6,660b46f30e0078173c658320,3,4,4,Yes,alone,0,2025-03-18 23:57:03,2,Male,28,23,TRUE,3,2.6,1.8,2,3.8
TRUE,Instagram,TRUE,-3,1390,2,Pop-Up,7,660b46f30e0078173c658320,3,3,5,No,alone,1,2025-03-14 11:03:36,1,Male,28,11,TRUE,3,2.6,1.8,2,3.8
TRUE,Instagram,TRUE,-3,1799,5,Pop-Up,7,660b46f30e0078173c658320,3,4,4,No,alone,0,2025-03-14 9:06:57,4,Male,28,9,TRUE,3.2,2.6,1.8,2,3.8
TRUE,Instagram,TRUE,-3,109,5,Vibration,7,660b46f30e0078173c658320,3,3,3,No,alone,0,2025-03-19 9:22:03,4,Male,28,9,TRUE,4.2,2.6,1.8,2,3.8
TRUE,Instagram,TRUE,-3,190,5,SpotOverlay,4,660b46f30e0078173c658320,3,4,4,No,friends,6,2025-03-15 13:16:17,5,Male,28,13,FALSE,3.4,2.6,1.8,2,3.8
TRUE,Instagram,TRUE,-3,16,5,Pop-Up,6,660b46f30e0078173c658320,3,4,5,No,alone,0,2025-03-19 3:32:19,5,Male,28,3,TRUE,3.6,2.6,1.8,2,3.8
TRUE,Instagram,TRUE,-3,61,5,Vibration,5,660b46f30e0078173c658320,3,2,3,No,alone,1,2025-03-14 8:20:58,5,Male,28,8,TRUE,3.8,2.6,1.8,2,3.8
TRUE,,TRUE,-3,0,4,SpotOverlay,4,660b46f30e0078173c658320,3,4,6,Yes,friends,0,2025-03-19 21:24:46,1,Male,28,21,TRUE,3,2.6,1.8,2,3.8
TRUE,Instagram,TRUE,-3,190,6,SpotOverlay,1,660b46f30e0078173c658320,3,2,2,No,alone,0,2025-03-15 13:16:17,5,Male,28,13,FALSE,5,2.6,1.8,2,3.8
TRUE,,FALSE,-1,0,1,SpotOverlay,3,660ff598a3391e9b7d8feab4,3,1,1,Yes,alone,3,2025-03-21 7:55:57,1,Male,53,7,TRUE,4.4,2.07,0.2,3.54,1.8
TRUE,,FALSE,0,0,4,Pop-Up,2,660ff598a3391e9b7d8feab4,4,7,6,Yes,alone,3,2025-03-21 7:37:47,2,Male,53,7,TRUE,4.4,2.07,0.2,3.54,1.8
TRUE,,FALSE,2,15,1,SpotOverlay,5,660ff598a3391e9b7d8feab4,4,2,4,Yes,friends,4,2025-03-26 13:24:52,1,Male,53,13,TRUE,4,2.07,0.2,3.54,1.8
TRUE,,FALSE,-3,37,4,SpotOverlay,6,660ff598a3391e9b7d8feab4,4,5,6,Yes,alone,5,2025-03-21 16:01:29,1,Male,53,16,TRUE,4.2,2.07,0.2,3.54,1.8
TRUE,,TRUE,-3,40,4,SpotOverlay,4,660ff598a3391e9b7d8feab4,4,4,4,Yes,alone,2,2025-03-25 4:54:35,5,Male,53,4,TRUE,3.2,2.07,0.2,3.54,1.8
TRUE,Facebook,TRUE,-3,8,6,Vibration,5,661db80bbbbc4861da7f75dd,4,4,7,No,friends,1,2025-03-29 21:51:30,5,Male,34,21,FALSE,4,2.27,0.8,3.23,2.4
TRUE,TikTok,TRUE,-3,8,4,Pop-Up,4,661db80bbbbc4861da7f75dd,4,5,5,Yes,alone,0,2025-03-30 21:59:02,3,Male,34,21,FALSE,3.2,2.27,0.8,3.23,2.4
TRUE,Facebook,TRUE,-3,120,6,SpotOverlay,5,661db80bbbbc4861da7f75dd,4,4,5,No,friends,0,2025-03-29 22:26:19,6,Male,34,22,FALSE,4,2.27,0.8,3.23,2.4
TRUE,TikTok,TRUE,-3,9,4,Pop-Up,4,661db80bbbbc4861da7f75dd,4,3,5,No,alone,0,2025-03-30 22:15:35,6,Male,34,22,FALSE,3.4,2.27,0.8,3.23,2.4
TRUE,TikTok,TRUE,-3,25,6,Vibration,7,661fde173a4e7fbc73fd8367,5,7,7,Yes,alone,7,2025-02-26 14:02:37,6,Female,37,14,TRUE,4,2.87,2.8,2.46,5
TRUE,Facebook,TRUE,3,5,7,Pop-Up,4,661fde173a4e7fbc73fd8367,5,7,7,Yes,alone,8,2025-02-28 9:25:27,7,Female,37,9,TRUE,5,2.87,2.8,2.46,5
TRUE,TikTok,TRUE,-1,75,7,Vibration,7,661fde173a4e7fbc73fd8367,5,7,7,No,alone,3,2025-02-26 8:14:15,7,Female,37,8,TRUE,4.4,2.87,2.8,2.46,5
TRUE,Instagram,TRUE,-3,21,6,Vibration,6,661fde173a4e7fbc73fd8367,4,6,6,No,alone,1,2025-02-26 7:18:08,6,Female,37,7,TRUE,3.6,2.87,2.8,2.46,5
TRUE,Facebook,TRUE,-3,20,6,Vibration,5,661fde173a4e7fbc73fd8367,5,7,7,Yes,friends,4,2025-02-26 17:50:16,6,Female,37,17,TRUE,2.4,2.87,2.8,2.46,5
TRUE,Facebook,TRUE,3,19,7,Vibration,5,661fde173a4e7fbc73fd8367,5,7,7,Yes,alone,8,2025-03-03 14:18:40,7,Female,37,14,TRUE,4.4,2.87,2.8,2.46,5
TRUE,Facebook,TRUE,3,6,7,Vibration,1,661fde173a4e7fbc73fd8367,5,7,7,Yes,alone,7,2025-02-26 12:49:37,7,Female,37,12,TRUE,4,2.87,2.8,2.46,5
TRUE,Facebook,TRUE,-3,16,7,Vibration,5,661fde173a4e7fbc73fd8367,4,7,6,No,alone,1,2025-02-25 17:32:33,7,Female,37,17,TRUE,2,2.87,2.8,2.46,5
TRUE,Instagram,TRUE,-2,24,5,Vibration,2,661fde173a4e7fbc73fd8367,5,4,6,No,alone,5,2025-02-26 8:58:51,6,Female,37,8,TRUE,4,2.87,2.8,2.46,5
TRUE,,TRUE,3,0,7,SpotOverlay,7,661fde173a4e7fbc73fd8367,5,7,7,Yes,alone,7,2025-02-28 11:31:16,7,Female,37,11,TRUE,5,2.87,2.8,2.46,5
TRUE,Instagram,TRUE,-3,31,6,SpotOverlay,6,661fde173a4e7fbc73fd8367,5,2,3,Yes,friends,0,2025-03-03 21:53:01,1,Female,37,21,TRUE,3.2,2.87,2.8,2.46,5
TRUE,Facebook,TRUE,0,334,4,Pop-Up,7,661fee35973b5ff6fa3418ef,4,5,4,No,friends,6,2025-05-23 9:14:43,5,Male,30,9,TRUE,3.4,2.33,0,3.23,1.4
TRUE,,TRUE,0,0,3,SpotOverlay,5,661fee35973b5ff6fa3418ef,4,5,4,No,friends,7,2025-05-22 22:46:28,5,Male,30,22,TRUE,3.2,2.33,0,3.23,1.4
TRUE,Facebook,TRUE,1,8,5,Pop-Up,7,661fee35973b5ff6fa3418ef,4,4,5,Yes,alone,4,2025-05-24 20:56:15,4,Male,30,20,FALSE,2.8,2.33,0,3.23,1.4
TRUE,YouTube,TRUE,1,14,3,Vibration,6,661fee35973b5ff6fa3418ef,4,5,4,No,friends,8,2025-05-25 6:57:25,5,Male,30,6,FALSE,3.4,2.33,0,3.23,1.4
TRUE,Facebook,TRUE,2,91,6,SpotOverlay,7,661fee35973b5ff6fa3418ef,4,4,5,No,friends,6,2025-05-24 21:13:55,4,Male,30,21,FALSE,3.4,2.33,0,3.23,1.4
TRUE,,TRUE,2,0,5,SpotOverlay,5,661fee35973b5ff6fa3418ef,4,5,6,No,alone,6,2025-05-26 16:17:31,5,Male,30,16,TRUE,3.4,2.33,0,3.23,1.4
TRUE,,TRUE,2,22,5,Vibration,6,661fee35973b5ff6fa3418ef,4,4,5,No,friends,6,2025-05-25 14:23:04,5,Male,30,14,FALSE,3.8,2.33,0,3.23,1.4
TRUE,YouTube,TRUE,1,23,6,Vibration,7,661fee35973b5ff6fa3418ef,5,4,5,No,alone,7,2025-05-26 13:17:14,6,Male,30,13,TRUE,3.4,2.33,0,3.23,1.4
TRUE,,TRUE,1,0,6,Pop-Up,7,661fee35973b5ff6fa3418ef,4,6,4,No,alone,10,2025-05-26 13:51:45,5,Male,30,13,TRUE,4,2.33,0,3.23,1.4
TRUE,YouTube,TRUE,2,19,5,Vibration,6,661fee35973b5ff6fa3418ef,5,6,5,No,alone,7,2025-05-25 14:06:38,6,Male,30,14,FALSE,4,2.33,0,3.23,1.4
TRUE,Facebook,TRUE,-2,23,4,Pop-Up,6,66293ce3dba0764775195e58,4,6,6,No,alone,3,2025-03-16 23:59:48,5,Female,50,23,FALSE,3.8,2,0.6,3.69,1
TRUE,Facebook,TRUE,-2,5,5,Vibration,7,66293ce3dba0764775195e58,4,5,6,No,alone,3,2025-03-19 8:10:04,5,Female,50,8,TRUE,4,2,0.6,3.69,1
TRUE,Facebook,TRUE,-2,75,5,SpotOverlay,7,66293ce3dba0764775195e58,3,4,4,No,alone,2,2025-03-17 0:46:09,4,Female,50,0,TRUE,4,2,0.6,3.69,1
TRUE,Facebook,TRUE,-3,118,4,SpotOverlay,8,66293ce3dba0764775195e58,3,4,4,No,alone,0,2025-03-13 0:39:13,5,Female,50,0,TRUE,3.4,2,0.6,3.69,1
TRUE,,TRUE,-2,0,5,Pop-Up,3,66293ce3dba0764775195e58,4,4,3,Yes,alone,2,2025-03-13 10:01:09,3,Female,50,10,TRUE,3.8,2,0.6,3.69,1
TRUE,Facebook,TRUE,-2,36,4,SpotOverlay,4,663299ea88551960f4132bb7,4,5,3,No,alone,0,2025-03-31 21:57:21,5,Female,49,21,TRUE,3.4,2.73,0.4,3.23,2.2
TRUE,Facebook,TRUE,-1,12,6,Vibration,3,663299ea88551960f4132bb7,5,6,6,No,alone,0,2025-04-01 9:57:30,7,Female,49,9,TRUE,3,2.73,0.4,3.23,2.2
TRUE,,TRUE,-1,9,4,Vibration,4,663299ea88551960f4132bb7,5,7,7,No,alone,0,2025-04-02 20:58:11,6,Female,49,20,TRUE,3.6,2.73,0.4,3.23,2.2
TRUE,Facebook,TRUE,-2,7,7,Vibration,7,663299ea88551960f4132bb7,4,6,6,No,alone,0,2025-04-03 7:52:07,7,Female,49,7,TRUE,3.6,2.73,0.4,3.23,2.2
TRUE,Facebook,TRUE,-3,8,5,Vibration,7,663299ea88551960f4132bb7,4,7,6,No,alone,0,2025-04-01 22:31:35,7,Female,49,22,TRUE,3,2.73,0.4,3.23,2.2
TRUE,Facebook,TRUE,-3,12,3,Vibration,8,663a8c84b8e7c046d854c8dd,4,3,4,No,friends,4,2025-03-17 23:57:57,1,Male,43,23,TRUE,4.6,1.53,0.2,4.77,1
TRUE,,TRUE,-2,0,1,SpotOverlay,8,663a8c84b8e7c046d854c8dd,2,1,1,No,friends,7,2025-03-16 23:35:13,1,Male,43,23,FALSE,5,1.53,0.2,4.77,1
TRUE,,TRUE,-3,32,4,Vibration,7,663a8c84b8e7c046d854c8dd,4,4,6,No,friends,6,2025-03-14 23:26:04,2,Male,43,23,TRUE,4.6,1.53,0.2,4.77,1
TRUE,,TRUE,-1,0,2,SpotOverlay,5,663a8c84b8e7c046d854c8dd,3,2,2,No,friends,5,2025-03-15 9:57:30,2,Male,43,9,FALSE,5,1.53,0.2,4.77,1
TRUE,,TRUE,0,95,1,Vibration,2,663a8c84b8e7c046d854c8dd,2,7,6,No,friends,4,2025-03-16 10:57:17,2,Male,43,10,FALSE,4.8,1.53,0.2,4.77,1
TRUE,,TRUE,0,24,1,Vibration,9,663a8c84b8e7c046d854c8dd,1,1,1,No,friends,7,2025-03-16 23:52:41,1,Male,43,23,FALSE,5,1.53,0.2,4.77,1
TRUE,TikTok,TRUE,-2,8,7,Pop-Up,7,6643b34e28d7180271083ce5,3,7,6,No,friends,1,2025-06-07 13:19:46,6,Female,32,13,FALSE,3.2,1.8,1.4,4.23,1.6
TRUE,TikTok,TRUE,-2,60,6,SpotOverlay,7,6643b34e28d7180271083ce5,4,6,6,No,friends,0,2025-06-08 0:35:54,6,Female,32,0,FALSE,3.6,1.8,1.4,4.23,1.6
TRUE,TikTok,TRUE,-1,38,7,Vibration,2,6643b34e28d7180271083ce5,4,6,6,Yes,friends,0,2025-06-06 19:03:42,7,Female,32,19,TRUE,3.2,1.8,1.4,4.23,1.6
TRUE,,TRUE,3,5,7,Vibration,1,6643b34e28d7180271083ce5,5,7,7,Yes,friends,2,2025-06-10 14:35:44,7,Female,32,14,TRUE,4,1.8,1.4,4.23,1.6
TRUE,TikTok,TRUE,-3,61,5,SpotOverlay,7,6643b34e28d7180271083ce5,3,6,6,No,alone,3,2025-06-05 22:26:17,6,Female,32,22,TRUE,2.8,1.8,1.4,4.23,1.6
TRUE,TikTok,TRUE,-3,72,7,Vibration,5,6643b34e28d7180271083ce5,2,7,6,No,alone,6,2025-06-05 23:01:53,7,Female,32,23,TRUE,2.8,1.8,1.4,4.23,1.6
TRUE,TikTok,TRUE,0,57,7,Vibration,8,6643b34e28d7180271083ce5,3,6,7,No,alone,0,2025-06-08 1:47:13,7,Female,32,1,FALSE,3.4,1.8,1.4,4.23,1.6
TRUE,TikTok,TRUE,-3,27,6,SpotOverlay,6,6643b34e28d7180271083ce5,3,7,6,No,alone,2,2025-06-05 22:42:41,6,Female,32,22,TRUE,3,1.8,1.4,4.23,1.6
TRUE,TikTok,TRUE,2,896,7,SpotOverlay,2,6643b34e28d7180271083ce5,5,7,7,Yes,friends,2,2025-06-08 13:55:09,7,Female,32,13,FALSE,3.2,1.8,1.4,4.23,1.6
TRUE,TikTok,TRUE,1,1634,7,Pop-Up,1,6643b34e28d7180271083ce5,4,6,6,Yes,friends,4,2025-06-05 11:11:03,5,Female,32,11,TRUE,4,1.8,1.4,4.23,1.6
TRUE,TikTok,TRUE,1,24,7,SpotOverlay,1,6643b34e28d7180271083ce5,4,7,7,Yes,friends,3,2025-06-10 19:48:10,7,Female,32,19,TRUE,4,1.8,1.4,4.23,1.6
TRUE,TikTok,TRUE,-3,12,7,Vibration,7,6643b34e28d7180271083ce5,3,7,7,No,alone,0,2025-06-08 1:30:33,7,Female,32,1,FALSE,3.4,1.8,1.4,4.23,1.6
TRUE,TikTok,TRUE,1,162,3,SpotOverlay,1,6643b34e28d7180271083ce5,3,5,4,Yes,friends,5,2025-06-05 11:29:54,5,Female,32,11,TRUE,3.6,1.8,1.4,4.23,1.6
TRUE,TikTok,TRUE,-2,61,7,SpotOverlay,1,6643b34e28d7180271083ce5,4,7,6,Yes,friends,3,2025-06-08 13:03:06,7,Female,32,13,FALSE,3.6,1.8,1.4,4.23,1.6
TRUE,YouTube,TRUE,-3,9,1,Pop-Up,6,664521e03117b782ed4fff45,5,7,7,No,alone,0,2025-03-15 23:40:14,1,Male,46,23,FALSE,4,1.67,0,3.77,1
TRUE,,TRUE,-3,6,7,Pop-Up,3,664521e03117b782ed4fff45,5,4,7,Yes,alone,0,2025-03-14 21:01:13,4,Male,46,21,TRUE,4.6,1.67,0,3.77,1
TRUE,,TRUE,-3,863,5,Pop-Up,1,664521e03117b782ed4fff45,3,7,7,No,alone,0,2025-03-13 21:48:54,4,Male,46,21,TRUE,3.8,1.67,0,3.77,1
TRUE,,FALSE,2,33,5,SpotOverlay,7,6647e8618c77f7b938865d25,4,6,7,Yes,friends,8,2025-05-21 22:57:02,5,Male,34,22,TRUE,3.8,1.53,0.4,3.69,2
TRUE,YouTube,FALSE,2,24,4,Vibration,6,6647e8618c77f7b938865d25,3,6,6,No,friends,3,2025-05-17 16:36:41,6,Male,34,16,FALSE,3.6,1.53,0.4,3.69,2
TRUE,Facebook,FALSE,-2,22,6,SpotOverlay,5,66523ed337ba0ca001f2c21b,4,5,4,No,friends,7,2025-04-20 20:16:15,5,Female,37,20,FALSE,3.8,3,2.2,2.62,3
TRUE,Facebook,FALSE,-2,22,6,SpotOverlay,5,66523ed337ba0ca001f2c21b,4,5,4,No,friends,7,2025-04-20 20:16:15,5,Female,37,20,FALSE,3.8,2.6,2.8,2.08,3.6
TRUE,,TRUE,1,0,4,Pop-Up,7,6654ec982cb90af6e8bc7219,4,5,7,Yes,alone,6,2025-04-03 21:21:43,4,Male,42,21,TRUE,4.4,2.47,1.6,2.31,2.8
TRUE,Facebook,TRUE,2,58,2,SpotOverlay,6,6654ec982cb90af6e8bc7219,3,2,6,Yes,alone,7,2025-04-07 14:48:59,2,Male,42,14,TRUE,5,2.47,1.6,2.31,2.8
TRUE,Facebook,TRUE,1,11,4,Vibration,7,6654ec982cb90af6e8bc7219,4,4,5,Yes,alone,6,2025-04-06 21:59:29,3,Male,42,21,FALSE,4.6,2.47,1.6,2.31,2.8
TRUE,Facebook,TRUE,1,195,3,SpotOverlay,7,6654ec982cb90af6e8bc7219,4,4,6,Yes,alone,6,2025-04-05 10:51:32,4,Male,42,10,FALSE,5,2.47,1.6,2.31,2.8
TRUE,Facebook,TRUE,-3,38,2,Vibration,9,6654ec982cb90af6e8bc7219,2,2,6,Yes,alone,4,2025-04-05 2:11:53,2,Male,42,2,FALSE,5,2.47,1.6,2.31,2.8
TRUE,,TRUE,3,0,1,Pop-Up,9,6654ec982cb90af6e8bc7219,4,3,6,Yes,alone,8,2025-04-02 9:19:15,2,Male,42,9,TRUE,4.6,2.47,1.6,2.31,2.8
TRUE,Facebook,TRUE,-2,47,4,Vibration,8,6654ec982cb90af6e8bc7219,3,3,6,Yes,alone,4,2025-04-04 9:47:23,4,Male,42,9,TRUE,4.6,2.47,1.6,2.31,2.8
TRUE,,TRUE,2,27,2,SpotOverlay,8,6654ec982cb90af6e8bc7219,3,2,7,Yes,alone,7,2025-04-05 13:23:08,2,Male,42,13,FALSE,5,2.47,1.6,2.31,2.8
TRUE,Facebook,TRUE,3,71,4,SpotOverlay,9,6654ec982cb90af6e8bc7219,4,5,5,Yes,alone,8,2025-04-02 8:21:05,4,Male,42,8,TRUE,4,2.47,1.6,2.31,2.8
TRUE,Facebook,TRUE,1,386,4,SpotOverlay,8,6654ec982cb90af6e8bc7219,4,4,7,Yes,alone,6,2025-04-04 20:33:25,2,Male,42,20,TRUE,4.6,2.47,1.6,2.31,2.8
TRUE,Facebook,TRUE,-2,330,2,Pop-Up,9,6654ec982cb90af6e8bc7219,3,2,6,Yes,alone,6,2025-04-05 1:46:19,2,Male,42,1,FALSE,4.6,2.47,1.6,2.31,2.8
TRUE,Facebook,TRUE,0,273,2,Pop-Up,7,6654ec982cb90af6e8bc7219,3,2,6,Yes,alone,6,2025-04-06 22:35:33,2,Male,42,22,FALSE,5,2.47,1.6,2.31,2.8
TRUE,Facebook,TRUE,2,27,5,Vibration,8,6654ec982cb90af6e8bc7219,4,5,6,Yes,alone,7,2025-04-01 11:17:26,5,Male,42,11,TRUE,4.2,2.47,1.6,2.31,2.8
TRUE,Facebook,TRUE,-1,0,5,Pop-Up,9,6654ec982cb90af6e8bc7219,3,4,6,Yes,alone,6,2025-04-03 10:00:18,3,Male,42,10,TRUE,4.8,2.47,1.6,2.31,2.8
TRUE,Facebook,TRUE,-3,8,4,Pop-Up,4,665629a30c7e3f40e8f3d1d5,3,2,5,No,friends,1,2025-03-16 18:20:50,2,Non-binary,32,18,FALSE,4.2,2.67,2,3,3.4
TRUE,Facebook,TRUE,-3,71,5,SpotOverlay,6,665629a30c7e3f40e8f3d1d5,4,5,4,No,alone,0,2025-03-17 9:16:15,4,Non-binary,32,9,TRUE,3.6,2.67,2,3,3.4
TRUE,Facebook,TRUE,-3,85,4,SpotOverlay,7,665629a30c7e3f40e8f3d1d5,4,5,5,Yes,alone,4,2025-03-13 11:06:40,3,Non-binary,32,11,TRUE,3.2,2.67,2,3,3.4
TRUE,Facebook,TRUE,-3,61,4,SpotOverlay,3,665629a30c7e3f40e8f3d1d5,4,3,6,Yes,alone,1,2025-03-17 14:31:27,2,Non-binary,32,14,TRUE,3.6,2.67,2,3,3.4
TRUE,Facebook,TRUE,-3,178,4,Pop-Up,7,665629a30c7e3f40e8f3d1d5,2,4,4,No,alone,7,2025-03-11 15:52:58,5,Non-binary,32,15,TRUE,2.6,2.67,2,3,3.4
TRUE,Facebook,TRUE,-3,38,4,Pop-Up,6,665629a30c7e3f40e8f3d1d5,4,4,6,Yes,alone,3,2025-03-14 17:25:02,3,Non-binary,32,17,TRUE,3.6,2.67,2,3,3.4
TRUE,,FALSE,-1,3,3,Pop-Up,7,665629a30c7e3f40e8f3d1d5,3,3,4,No,friends,5,2025-03-12 14:11:22,2,Non-binary,32,14,TRUE,3.6,2.67,2,3,3.4
TRUE,Facebook,TRUE,-3,78,4,SpotOverlay,7,665629a30c7e3f40e8f3d1d5,3,4,3,No,friends,2,2025-03-17 20:40:43,5,Non-binary,32,20,TRUE,3.6,2.67,2,3,3.4
TRUE,Facebook,TRUE,-3,135,4,SpotOverlay,4,665629a30c7e3f40e8f3d1d5,4,2,6,No,friends,0,2025-03-16 18:03:39,2,Non-binary,32,18,FALSE,4.2,2.67,2,3,3.4
TRUE,Facebook,TRUE,-3,0,4,Vibration,4,665629a30c7e3f40e8f3d1d5,3,2,6,Yes,alone,2,2025-03-14 11:16:05,2,Non-binary,32,11,TRUE,4.2,2.67,2,3,3.4
TRUE,Facebook,FALSE,-1,16,3,Pop-Up,7,665629a30c7e3f40e8f3d1d5,3,3,4,No,friends,5,2025-03-12 14:09:35,2,Non-binary,32,14,TRUE,3.4,2.67,2,3,3.4
TRUE,Facebook,TRUE,-3,105,4,SpotOverlay,4,665629a30c7e3f40e8f3d1d5,4,2,5,No,alone,0,2025-03-13 18:42:40,2,Non-binary,32,18,TRUE,3.4,2.67,2,3,3.4
TRUE,Facebook,FALSE,-1,31,4,Vibration,7,6658b1babc17230af657c303,4,5,4,No,alone,3,2025-03-12 23:21:19,6,Male,39,23,TRUE,3,1.6,0.8,3.46,1.6
TRUE,Facebook,FALSE,0,58,5,Vibration,7,6658b1babc17230af657c303,3,5,4,No,alone,2,2025-03-10 22:53:08,5,Male,39,22,TRUE,3.2,1.6,0.8,3.46,1.6
TRUE,Facebook,TRUE,-1,24,4,SpotOverlay,6,6658b1babc17230af657c303,3,4,4,No,alone,4,2025-03-14 8:35:13,4,Male,39,8,TRUE,3,1.6,0.8,3.46,1.6
TRUE,Facebook,TRUE,-3,44,4,Vibration,6,6658b1babc17230af657c303,3,4,4,No,friends,0,2025-03-09 23:17:30,4,Male,39,23,FALSE,3.8,1.6,0.8,3.46,1.6
TRUE,Facebook,TRUE,-2,21,1,SpotOverlay,4,6658b1babc17230af657c303,2,2,3,No,friends,7,2025-03-11 22:16:26,1,Male,39,22,TRUE,4,1.6,0.8,3.46,1.6
TRUE,Facebook,FALSE,-2,4,4,Pop-Up,3,6658b1babc17230af657c303,3,5,5,No,alone,3,2025-03-11 6:13:45,3,Male,39,6,TRUE,3,1.6,0.8,3.46,1.6
TRUE,,TRUE,1,109,5,SpotOverlay,7,665910d96668b5777caab931,3,3,1,Yes,friends,7,2025-03-14 0:16:48,3,Female,40,0,TRUE,5,2.27,2,2.69,3.8
TRUE,TikTok,TRUE,2,249,6,Vibration,7,665910d96668b5777caab931,3,5,7,Yes,friends,6,2025-03-14 23:56:48,4,Female,40,23,TRUE,5,2.27,2,2.69,3.8
TRUE,TikTok,TRUE,-1,126,3,SpotOverlay,8,665910d96668b5777caab931,3,3,5,Yes,friends,5,2025-03-12 11:46:37,2,Female,40,11,TRUE,5,2.27,2,2.69,3.8
TRUE,TikTok,TRUE,1,90,4,Vibration,7,665910d96668b5777caab931,3,4,4,Yes,friends,5,2025-03-11 0:48:22,4,Female,40,0,TRUE,5,2.27,2,2.69,3.8
TRUE,,TRUE,1,5,4,Pop-Up,7,665910d96668b5777caab931,3,6,7,Yes,friends,6,2025-03-10 23:35:10,4,Female,40,23,TRUE,5,2.27,2,2.69,3.8
TRUE,TikTok,TRUE,1,34,4,Vibration,7,665910d96668b5777caab931,3,6,7,Yes,friends,6,2025-03-10 0:47:49,4,Female,40,0,TRUE,4,2.27,2,2.69,3.8
TRUE,,TRUE,1,13,2,Pop-Up,7,665910d96668b5777caab931,1,2,2,Yes,friends,7,2025-03-10 23:56:36,2,Female,40,23,TRUE,5,2.27,2,2.69,3.8
TRUE,TikTok,TRUE,1,324,5,Pop-Up,7,665910d96668b5777caab931,3,4,7,Yes,friends,7,2025-03-10 1:09:38,4,Female,40,1,TRUE,5,2.27,2,2.69,3.8
TRUE,TikTok,TRUE,2,200,4,Vibration,6,665910d96668b5777caab931,3,5,7,Yes,friends,6,2025-03-13 23:57:07,4,Female,40,23,TRUE,5,2.27,2,2.69,3.8
TRUE,,TRUE,1,278,4,Vibration,7,665910d96668b5777caab931,3,5,6,Yes,friends,6,2025-03-14 0:40:06,4,Female,40,0,TRUE,5,2.27,2,2.69,3.8
TRUE,TikTok,TRUE,1,2043,4,Pop-Up,7,665910d96668b5777caab931,3,5,6,Yes,friends,6,2025-03-10 0:31:03,4,Female,40,0,TRUE,4.2,2.27,2,2.69,3.8
TRUE,TikTok,TRUE,-1,22,2,SpotOverlay,7,6659e2efdb732dbd7f707a98,2,3,1,No,alone,5,2025-03-03 5:18:04,4,Male,20,5,TRUE,1.8,3,1.8,2.38,3.8
TRUE,TikTok,TRUE,-3,11,5,Pop-Up,7,6659e2efdb732dbd7f707a98,4,5,7,No,alone,4,2025-03-05 4:26:25,5,Male,20,4,TRUE,4,3,1.8,2.38,3.8
TRUE,TikTok,TRUE,-3,20,1,Pop-Up,5,6659e2efdb732dbd7f707a98,2,1,2,No,alone,5,2025-03-05 5:13:38,1,Male,20,5,TRUE,4.8,3,1.8,2.38,3.8
TRUE,TikTok,TRUE,-2,19,5,Vibration,6,6659e2efdb732dbd7f707a98,4,5,3,No,alone,3,2025-03-04 22:47:05,5,Male,20,22,TRUE,3.8,3,1.8,2.38,3.8
TRUE,TikTok,TRUE,-2,295,6,Pop-Up,6,6659e2efdb732dbd7f707a98,4,5,6,No,alone,4,2025-03-05 5:06:32,4,Male,20,5,TRUE,4,3,1.8,2.38,3.8
TRUE,TikTok,TRUE,0,69,5,SpotOverlay,8,6659e2efdb732dbd7f707a98,4,5,6,Yes,alone,5,2025-03-03 16:05:34,4,Male,20,16,TRUE,4.2,3,1.8,2.38,3.8
TRUE,,FALSE,-3,2,4,Pop-Up,4,6659f68e2b387f043c276d92,5,4,7,Yes,alone,1,2025-03-15 14:10:43,1,Male,33,14,FALSE,4.6,2.53,1.6,3,2.6
TRUE,Instagram,TRUE,-2,23,2,SpotOverlay,6,6659f68e2b387f043c276d92,4,4,7,Yes,alone,2,2025-03-12 7:39:49,2,Male,33,7,TRUE,4.6,2.53,1.6,3,2.6
TRUE,,TRUE,-3,93,2,Vibration,8,6659f68e2b387f043c276d92,4,3,7,Yes,friends,1,2025-03-17 0:05:04,3,Male,33,0,TRUE,5,2.53,1.6,3,2.6
TRUE,,TRUE,-3,0,3,Pop-Up,5,6659f68e2b387f043c276d92,5,1,7,Yes,friends,1,2025-03-16 20:32:02,1,Male,33,20,FALSE,4.8,2.53,1.6,3,2.6
TRUE,YouTube,FALSE,0,125,5,Vibration,3,6659f77ee4fd69fa455cc86a,4,5,4,Yes,friends,4,2025-04-04 15:18:24,7,Female,38,15,TRUE,2.4,3,2.8,1.62,2.2
TRUE,Instagram,TRUE,-2,38,4,Vibration,4,665a081994dc662744486887,4,4,7,Yes,alone,3,2025-03-16 17:55:11,4,Male,24,17,FALSE,3,2.2,1.2,2.69,4.6
TRUE,Instagram,TRUE,-3,398,6,Pop-Up,6,665a081994dc662744486887,4,4,3,No,alone,2,2025-03-18 23:26:06,6,Male,24,23,TRUE,3.8,2.2,1.2,2.69,4.6
TRUE,Instagram,TRUE,-3,57,5,Vibration,3,665a081994dc662744486887,3,4,4,No,alone,7,2025-03-20 4:03:47,5,Male,24,4,TRUE,4,2.2,1.2,2.69,4.6
TRUE,Instagram,TRUE,-3,33,4,SpotOverlay,6,665a081994dc662744486887,4,4,5,Yes,alone,3,2025-03-16 20:59:33,4,Male,24,20,FALSE,3.6,2.2,1.2,2.69,4.6
TRUE,Facebook,TRUE,-3,27,7,Vibration,4,666196dbc4d36f40bb5b1b5f,3,6,2,Yes,alone,4,2025-06-02 22:26:13,7,Male,38,22,TRUE,3.6,1.53,1.8,3.38,3.2
TRUE,Facebook,TRUE,-3,182,4,Pop-Up,7,666196dbc4d36f40bb5b1b5f,4,7,7,Yes,alone,3,2025-06-01 9:22:14,5,Male,38,9,FALSE,4.2,1.53,1.8,3.38,3.2
TRUE,Facebook,TRUE,3,127,7,Pop-Up,5,666196dbc4d36f40bb5b1b5f,3,7,4,Yes,friends,8,2025-06-01 21:49:48,7,Male,38,21,FALSE,4.2,1.53,1.8,3.38,3.2
TRUE,Facebook,TRUE,-3,40,2,SpotOverlay,5,6665fb9d3202800c8227cde5,3,2,5,No,alone,0,2025-05-21 7:11:38,3,Male,33,7,TRUE,5,2.27,0,3.38,2.6
TRUE,Facebook,TRUE,-3,33,3,Vibration,2,6665fb9d3202800c8227cde5,3,4,6,No,alone,0,2025-05-19 6:09:41,3,Male,33,6,TRUE,4,2.27,0,3.38,2.6
TRUE,Facebook,TRUE,-3,45,3,SpotOverlay,3,6665fb9d3202800c8227cde5,3,4,6,No,alone,0,2025-05-19 5:39:09,3,Male,33,5,TRUE,4,2.27,0,3.38,2.6
TRUE,Facebook,TRUE,-3,65,4,Vibration,1,6665fb9d3202800c8227cde5,4,4,6,Yes,alone,0,2025-05-19 6:40:59,2,Male,33,6,TRUE,4,2.27,0,3.38,2.6
TRUE,Facebook,TRUE,-3,41,2,SpotOverlay,7,6665fb9d3202800c8227cde5,3,3,6,No,alone,0,2025-05-21 4:31:05,4,Male,33,4,TRUE,5,2.27,0,3.38,2.6
TRUE,Facebook,TRUE,-3,18,4,Vibration,7,6665fb9d3202800c8227cde5,3,4,7,No,alone,0,2025-05-21 3:57:06,5,Male,33,3,TRUE,4.8,2.27,0,3.38,2.6
TRUE,Facebook,TRUE,-3,88,2,SpotOverlay,5,6665fb9d3202800c8227cde5,4,2,7,No,alone,0,2025-05-21 7:32:34,3,Male,33,7,TRUE,5,2.27,0,3.38,2.6
TRUE,,TRUE,0,17,2,Vibration,1,6667ccc61b0989bff9d014d6,3,2,4,Yes,alone,0,2025-05-23 10:05:31,1,Male,21,10,TRUE,4.6,2.2,1.6,3.15,4.6
TRUE,,TRUE,-2,1,6,Vibration,4,6667ccc61b0989bff9d014d6,3,4,5,Yes,alone,0,2025-05-18 15:06:34,7,Male,21,15,FALSE,4.4,2.2,1.6,3.15,4.6
TRUE,,TRUE,-3,4,4,Vibration,3,6667ccc61b0989bff9d014d6,3,4,6,Yes,friends,0,2025-05-18 19:08:35,3,Male,21,19,FALSE,4,2.2,1.6,3.15,4.6
TRUE,,TRUE,-3,22,1,Vibration,5,6667ccc61b0989bff9d014d6,2,1,1,No,alone,0,2025-05-23 20:41:05,1,Male,21,20,TRUE,3.4,2.2,1.6,3.15,4.6
TRUE,,TRUE,-1,3,1,Vibration,1,6667ccc61b0989bff9d014d6,2,1,2,Yes,alone,0,2025-05-23 11:59:25,1,Male,21,11,TRUE,4.4,2.2,1.6,3.15,4.6
TRUE,,TRUE,-3,0,1,Pop-Up,6,6667ccc61b0989bff9d014d6,3,4,4,No,alone,0,2025-05-23 22:47:04,1,Male,21,22,TRUE,5,2.2,1.6,3.15,4.6
TRUE,YouTube,TRUE,-3,123,1,SpotOverlay,3,6667ccc61b0989bff9d014d6,2,1,1,Yes,friends,0,2025-05-23 18:53:45,1,Male,21,18,TRUE,4,2.2,1.6,3.15,4.6
TRUE,YouTube,TRUE,-3,829,4,Pop-Up,6,6667ccc61b0989bff9d014d6,3,1,3,No,alone,0,2025-05-18 21:42:52,1,Male,21,21,FALSE,5,2.2,1.6,3.15,4.6
TRUE,,TRUE,-3,27,1,Vibration,4,6667ccc61b0989bff9d014d6,1,1,1,No,alone,0,2025-05-23 21:03:32,1,Male,21,21,TRUE,3.8,2.2,1.6,3.15,4.6
TRUE,,TRUE,0,22,1,Vibration,1,6667ccc61b0989bff9d014d6,2,1,1,Yes,alone,0,2025-05-23 12:25:14,1,Male,21,12,TRUE,5,2.2,1.6,3.15,4.6
TRUE,TikTok,TRUE,3,190,4,Vibration,1,6674289815bec3913b84eed5,3,5,4,No,alone,4,2025-02-23 15:51:30,5,Male,19,15,FALSE,3,2.27,1.4,2.62,1
TRUE,TikTok,TRUE,3,146,4,SpotOverlay,1,6674289815bec3913b84eed5,3,5,6,No,alone,5,2025-02-23 16:22:57,5,Male,19,16,FALSE,3.4,2.27,1.4,2.62,1
TRUE,TikTok,TRUE,-3,207,3,SpotOverlay,1,6674289815bec3913b84eed5,3,3,4,No,alone,2,2025-02-26 18:54:17,4,Male,19,18,TRUE,4,2.27,1.4,2.62,1
TRUE,TikTok,TRUE,3,5,6,Pop-Up,2,6674289815bec3913b84eed5,4,6,6,No,friends,4,2025-02-23 12:50:05,6,Male,19,12,FALSE,3,2.27,1.4,2.62,1
TRUE,TikTok,TRUE,-3,35,5,SpotOverlay,4,6674289815bec3913b84eed5,3,5,4,No,alone,5,2025-02-20 23:39:29,6,Male,19,23,TRUE,2.4,2.27,1.4,2.62,1
TRUE,YouTube,TRUE,-2,1,4,Vibration,7,66774233add67a4a8e71398e,3,4,6,Yes,alone,1,2025-03-28 23:47:43,3,Male,52,23,TRUE,4,1.8,1.8,3.62,3.2
TRUE,,TRUE,-2,0,3,Pop-Up,5,667cb1323a8c88dd0b22bef9,3,4,7,Yes,friends,5,2025-05-27 23:47:32,2,Female,32,23,TRUE,3.8,2.33,2,3.08,1.8
TRUE,Facebook,TRUE,-2,8,3,Vibration,3,667cb1323a8c88dd0b22bef9,2,4,7,Yes,alone,9,2025-05-29 6:29:37,2,Female,32,6,TRUE,4.4,2.33,2,3.08,1.8
TRUE,Facebook,TRUE,0,27,4,SpotOverlay,3,667e502727e4f68835af6973,3,5,5,No,friends,2,2025-05-25 10:18:54,4,Female,24,10,FALSE,4.2,2.27,0.4,3.69,3.2
TRUE,Facebook,TRUE,0,15,3,SpotOverlay,3,667e502727e4f68835af6973,2,2,1,No,friends,6,2025-05-27 15:07:19,3,Female,24,15,TRUE,3.8,2.27,0.4,3.69,3.2
TRUE,,TRUE,1,21,5,SpotOverlay,6,667e502727e4f68835af6973,3,5,3,No,friends,1,2025-05-24 14:56:50,4,Female,24,14,FALSE,4.4,2.27,0.4,3.69,3.2
TRUE,Facebook,TRUE,1,13,3,Vibration,3,667e502727e4f68835af6973,3,5,4,No,friends,1,2025-05-25 9:43:29,5,Female,24,9,FALSE,3.8,2.27,0.4,3.69,3.2
TRUE,Facebook,TRUE,2,13,4,SpotOverlay,6,667e502727e4f68835af6973,3,4,5,No,friends,2,2025-05-21 2:26:29,5,Female,24,2,TRUE,3.2,2.27,0.4,3.69,3.2
TRUE,Facebook,TRUE,1,35,3,SpotOverlay,3,667e502727e4f68835af6973,3,3,4,No,friends,2,2025-05-24 21:40:45,2,Female,24,21,FALSE,4.6,2.27,0.4,3.69,3.2
TRUE,Facebook,TRUE,1,17,6,SpotOverlay,5,667e502727e4f68835af6973,3,5,3,No,friends,5,2025-05-24 16:23:52,4,Female,24,16,FALSE,3.6,2.27,0.4,3.69,3.2
TRUE,Facebook,TRUE,0,17,4,Vibration,2,667e502727e4f68835af6973,3,5,4,No,friends,2,2025-05-26 13:48:49,4,Female,24,13,TRUE,4.4,2.27,0.4,3.69,3.2
TRUE,Facebook,TRUE,1,120,6,Pop-Up,3,667e502727e4f68835af6973,3,4,5,No,friends,3,2025-05-26 13:09:30,4,Female,24,13,TRUE,3.8,2.27,0.4,3.69,3.2
TRUE,Facebook,TRUE,1,24,4,Vibration,3,667e502727e4f68835af6973,3,4,6,No,friends,6,2025-05-20 19:19:03,5,Female,24,19,TRUE,3.4,2.27,0.4,3.69,3.2
TRUE,Facebook,TRUE,1,58,5,SpotOverlay,7,667e502727e4f68835af6973,4,5,4,Yes,friends,2,2025-05-22 18:50:17,5,Female,24,18,TRUE,4,2.27,0.4,3.69,3.2
TRUE,Facebook,TRUE,0,15,5,Vibration,6,667e502727e4f68835af6973,3,3,3,No,friends,3,2025-05-25 2:57:48,4,Female,24,2,FALSE,4.2,2.27,0.4,3.69,3.2
TRUE,Facebook,TRUE,1,19,4,Pop-Up,6,667e502727e4f68835af6973,2,3,4,No,friends,2,2025-05-24 15:28:01,5,Female,24,15,FALSE,4.4,2.27,0.4,3.69,3.2
TRUE,Facebook,TRUE,0,14,4,SpotOverlay,4,667e502727e4f68835af6973,3,3,3,No,friends,3,2025-05-27 14:50:59,5,Female,24,14,TRUE,3.6,2.27,0.4,3.69,3.2
TRUE,Facebook,TRUE,0,33,5,SpotOverlay,5,667e502727e4f68835af6973,2,4,2,Yes,friends,7,2025-05-24 17:07:25,3,Female,24,17,FALSE,3.4,2.27,0.4,3.69,3.2
TRUE,Facebook,TRUE,1,758,6,Pop-Up,6,667e502727e4f68835af6973,3,5,6,No,friends,1,2025-05-25 20:58:06,4,Female,24,20,FALSE,3.6,2.27,0.4,3.69,3.2
TRUE,Facebook,TRUE,0,13,4,SpotOverlay,2,667e502727e4f68835af6973,3,3,3,No,friends,4,2025-05-26 14:05:25,4,Female,24,14,TRUE,3.4,2.27,0.4,3.69,3.2
TRUE,Facebook,TRUE,1,21,5,Vibration,2,667e502727e4f68835af6973,3,3,4,No,friends,2,2025-05-27 14:34:40,4,Female,24,14,TRUE,3.8,2.27,0.4,3.69,3.2
TRUE,,TRUE,-2,2223,4,Pop-Up,5,668005a5f29a4c115ed532b0,5,4,4,Yes,friends,3,2025-05-27 6:08:03,1,Female,60,6,TRUE,5,1.6,0.6,4.92,1
TRUE,TikTok,TRUE,-3,301,3,Pop-Up,1,668005a5f29a4c115ed532b0,5,4,3,No,friends,1,2025-05-27 15:49:25,1,Female,60,15,TRUE,5,1.6,0.6,4.92,1
TRUE,Facebook,TRUE,-3,11,7,Pop-Up,7,66845cdb8bfa9a953b590bdc,4,5,5,Yes,friends,2,2025-05-27 23:09:17,7,Female,31,23,TRUE,2.4,2.93,2.4,1.69,3.4
TRUE,Facebook,TRUE,-2,4,6,Pop-Up,6,66845cdb8bfa9a953b590bdc,2,5,6,No,alone,3,2025-05-27 21:07:07,7,Female,31,21,TRUE,2.2,2.93,2.4,1.69,3.4
TRUE,Facebook,TRUE,-3,269,6,SpotOverlay,7,66845cdb8bfa9a953b590bdc,3,7,3,Yes,friends,2,2025-06-01 0:44:19,7,Female,31,0,FALSE,3.4,2.93,2.4,1.69,3.4
TRUE,Facebook,TRUE,-3,417,6,Pop-Up,6,66845cdb8bfa9a953b590bdc,4,6,6,Yes,friends,3,2025-06-01 22:14:16,3,Female,31,22,FALSE,3.4,2.93,2.4,1.69,3.4
TRUE,,TRUE,-3,12,5,Pop-Up,6,668875c540ea7d2bb160ed70,5,6,5,No,alone,0,2025-06-08 0:50:41,6,Female,20,0,FALSE,3.2,2.13,1.6,2.62,3.2
TRUE,TikTok,TRUE,-1,27,5,SpotOverlay,4,668875c540ea7d2bb160ed70,4,6,5,No,alone,3,2025-06-10 18:18:32,6,Female,20,18,TRUE,2.8,2.13,1.6,2.62,3.2
TRUE,TikTok,TRUE,-3,18,5,SpotOverlay,4,668875c540ea7d2bb160ed70,3,6,5,No,alone,4,2025-06-08 21:26:23,5,Female,20,21,FALSE,3.6,2.13,1.6,2.62,3.2
TRUE,TikTok,TRUE,-2,0,6,Pop-Up,5,668875c540ea7d2bb160ed70,4,6,5,No,alone,3,2025-06-10 19:26:22,7,Female,20,19,TRUE,2.8,2.13,1.6,2.62,3.2
TRUE,TikTok,TRUE,-3,23,7,Vibration,4,668875c540ea7d2bb160ed70,4,7,6,No,alone,0,2025-06-06 19:25:54,6,Female,20,19,TRUE,3.2,2.13,1.6,2.62,3.2
TRUE,,TRUE,-3,0,5,Pop-Up,5,668875c540ea7d2bb160ed70,5,7,6,No,alone,0,2025-06-09 0:19:50,5,Female,20,0,TRUE,3.6,2.13,1.6,2.62,3.2
TRUE,TikTok,TRUE,-3,12,6,Vibration,4,668875c540ea7d2bb160ed70,3,6,5,No,alone,4,2025-06-08 21:09:51,5,Female,20,21,FALSE,3.6,2.13,1.6,2.62,3.2
TRUE,TikTok,TRUE,-3,92,5,SpotOverlay,4,668875c540ea7d2bb160ed70,4,7,6,No,alone,2,2025-06-05 22:53:21,6,Female,20,22,TRUE,2.6,2.13,1.6,2.62,3.2
TRUE,,TRUE,-2,2,3,Pop-Up,5,6699b3507af8f74dad172581,3,3,4,No,alone,3,2025-06-02 20:04:45,3,Female,46,20,TRUE,4,2.33,2,2.77,2
TRUE,,TRUE,2,1,2,Vibration,2,6699b3507af8f74dad172581,2,2,2,Yes,friends,6,2025-05-28 17:47:10,2,Female,46,17,TRUE,4,2.33,2,2.77,2
TRUE,TikTok,TRUE,-3,2,4,Pop-Up,8,6699b3507af8f74dad172581,2,4,4,No,alone,0,2025-05-28 4:41:26,4,Female,46,4,TRUE,4,2.33,2,2.77,2
TRUE,TikTok,TRUE,-3,2,4,Pop-Up,7,6699b3507af8f74dad172581,2,4,4,No,alone,0,2025-05-30 4:10:12,3,Female,46,4,TRUE,3.8,2.33,2,2.77,2
TRUE,TikTok,TRUE,-3,3,1,Pop-Up,7,6699b3507af8f74dad172581,2,1,1,No,alone,1,2025-06-01 7:10:32,1,Female,46,7,FALSE,5,2.33,2,2.77,2
TRUE,TikTok,TRUE,-2,8,4,Pop-Up,5,6699b3507af8f74dad172581,3,5,5,No,alone,2,2025-05-27 20:01:42,5,Female,46,20,TRUE,3.4,2.33,2,2.77,2
TRUE,TikTok,TRUE,-3,2,4,Pop-Up,5,6699b3507af8f74dad172581,3,4,4,No,alone,0,2025-05-30 3:39:39,5,Female,46,3,TRUE,4,2.33,2,2.77,2
TRUE,,TRUE,0,1,4,Pop-Up,5,6699b3507af8f74dad172581,4,3,3,Yes,alone,0,2025-05-30 21:26:18,3,Female,46,21,TRUE,4,2.33,2,2.77,2
TRUE,TikTok,TRUE,-3,3,2,Pop-Up,9,6699b3507af8f74dad172581,3,2,4,No,alone,0,2025-05-28 4:57:25,2,Female,46,4,TRUE,3.8,2.33,2,2.77,2
TRUE,TikTok,TRUE,-2,16,3,SpotOverlay,6,6699b3507af8f74dad172581,3,3,3,No,alone,1,2025-05-30 0:48:47,2,Female,46,0,TRUE,4,2.33,2,2.77,2
TRUE,,TRUE,0,2,3,Pop-Up,2,6699b3507af8f74dad172581,4,2,3,Yes,alone,0,2025-05-30 19:51:38,4,Female,46,19,TRUE,4,2.33,2,2.77,2
TRUE,TikTok,FALSE,1,48,4,SpotOverlay,3,6699b3507af8f74dad172581,4,4,3,Yes,friends,0,2025-05-29 13:56:41,3,Female,46,13,TRUE,4,2.33,2,2.77,2
TRUE,TikTok,TRUE,0,34,1,SpotOverlay,4,6699b3507af8f74dad172581,2,1,1,No,alone,3,2025-06-02 19:10:57,1,Female,46,19,TRUE,5,2.33,2,2.77,2
TRUE,TikTok,TRUE,-2,46,4,Vibration,6,6699b3507af8f74dad172581,3,4,5,Yes,alone,1,2025-05-27 21:51:58,5,Female,46,21,TRUE,2.8,2.33,2,2.77,2
TRUE,,TRUE,-3,48,3,Vibration,7,6699b3507af8f74dad172581,2,4,4,Yes,alone,1,2025-05-28 1:03:38,3,Female,46,1,TRUE,4,2.33,2,2.77,2
TRUE,TikTok,TRUE,-3,4,3,Pop-Up,8,6699b3507af8f74dad172581,3,2,2,No,alone,0,2025-05-28 2:19:40,3,Female,46,2,TRUE,4,2.33,2,2.77,2
TRUE,,TRUE,-1,5,3,Vibration,6,6699b3507af8f74dad172581,3,3,4,Yes,alone,2,2025-06-02 21:23:48,2,Female,46,21,TRUE,4,2.33,2,2.77,2
TRUE,,TRUE,3,1612,5,Vibration,1,6699b3507af8f74dad172581,4,4,5,Yes,friends,1,2025-05-28 18:39:27,4,Female,46,18,TRUE,3.8,2.33,2,2.77,2
TRUE,,TRUE,-3,7,3,SpotOverlay,8,6699b3507af8f74dad172581,3,2,3,Yes,alone,0,2025-05-28 2:03:36,3,Female,46,2,TRUE,4,2.33,2,2.77,2
TRUE,TikTok,TRUE,-2,15,3,Vibration,5,6699b3507af8f74dad172581,4,2,3,No,alone,2,2025-06-02 17:59:34,2,Female,46,17,TRUE,4,2.33,2,2.77,2
TRUE,TikTok,TRUE,-3,12,2,Vibration,8,6699b3507af8f74dad172581,2,2,2,No,alone,0,2025-05-30 23:25:48,2,Female,46,23,TRUE,4.2,2.33,2,2.77,2
TRUE,,TRUE,1,2,3,Pop-Up,3,6699b3507af8f74dad172581,3,3,2,Yes,alone,3,2025-05-28 16:57:02,3,Female,46,16,TRUE,4,2.33,2,2.77,2
TRUE,TikTok,TRUE,-3,31,2,SpotOverlay,7,6699b3507af8f74dad172581,2,2,3,No,alone,0,2025-06-01 6:54:47,2,Female,46,6,FALSE,4,2.33,2,2.77,2
TRUE,,TRUE,1,1,2,Pop-Up,5,6699b3507af8f74dad172581,3,2,2,Yes,alone,3,2025-06-02 18:48:06,2,Female,46,18,TRUE,4,2.33,2,2.77,2
TRUE,,TRUE,0,20,2,Vibration,6,6699b3507af8f74dad172581,3,2,3,Yes,alone,1,2025-05-30 22:32:38,2,Female,46,22,TRUE,4,2.33,2,2.77,2
TRUE,,TRUE,1,2,2,Pop-Up,2,6699b3507af8f74dad172581,4,2,2,Yes,alone,1,2025-06-02 17:42:48,2,Female,46,17,TRUE,4,2.33,2,2.77,2
TRUE,TikTok,TRUE,-3,48,4,SpotOverlay,6,6699b3507af8f74dad172581,3,3,4,No,alone,1,2025-05-28 5:35:25,4,Female,46,5,TRUE,3.8,2.33,2,2.77,2
TRUE,,TRUE,-1,1,5,SpotOverlay,6,6699b3507af8f74dad172581,3,4,4,Yes,alone,2,2025-05-27 23:48:29,4,Female,46,23,TRUE,3.2,2.33,2,2.77,2
TRUE,TikTok,TRUE,-3,3,1,Pop-Up,8,6699b3507af8f74dad172581,1,1,1,No,alone,0,2025-06-01 7:31:15,1,Female,46,7,FALSE,5,2.33,2,2.77,2
TRUE,,TRUE,-2,6,2,SpotOverlay,5,6699b3507af8f74dad172581,3,3,3,Yes,alone,1,2025-05-29 22:45:36,2,Female,46,22,TRUE,4,2.33,2,2.77,2
TRUE,YouTube,TRUE,-3,30,3,Pop-Up,1,669a34b9a8f5a340ccb22fc6,5,4,6,No,alone,0,2025-05-18 13:29:19,4,Male,37,13,FALSE,3,1.73,0.8,2.92,2.6
TRUE,,TRUE,-2,39,3,Vibration,5,66ae80f95d9bab0dc1ac9b3f,2,4,6,No,alone,7,2025-05-16 19:26:06,3,Female,30,19,TRUE,3.8,2.93,2.6,1.77,5
TRUE,Facebook,TRUE,-2,71,4,Vibration,6,66ae80f95d9bab0dc1ac9b3f,3,5,7,Yes,alone,6,2025-05-22 2:46:23,4,Female,30,2,TRUE,3,2.93,2.6,1.77,5
TRUE,Facebook,TRUE,-3,553,5,Pop-Up,8,66ae80f95d9bab0dc1ac9b3f,2,5,6,No,alone,7,2025-05-22 3:11:40,6,Female,30,3,TRUE,3.4,2.93,2.6,1.77,5
TRUE,TikTok,TRUE,-3,892,3,Pop-Up,6,66ae80f95d9bab0dc1ac9b3f,1,5,5,No,alone,8,2025-05-20 10:16:16,3,Female,30,10,TRUE,4.2,2.93,2.6,1.77,5
TRUE,Instagram,TRUE,0,63,4,Vibration,7,66ae80f95d9bab0dc1ac9b3f,1,4,4,Yes,friends,9,2025-05-20 20:26:03,4,Female,30,20,TRUE,3.8,2.93,2.6,1.77,5
TRUE,,TRUE,-1,0,4,Vibration,7,66ae80f95d9bab0dc1ac9b3f,2,6,6,Yes,friends,7,2025-05-21 12:20:38,5,Female,30,12,TRUE,3.6,2.93,2.6,1.77,5
TRUE,Instagram,TRUE,-3,164,1,Vibration,1,66be3ed60ce8896e4feb1003,4,5,4,Yes,alone,0,2025-02-28 11:25:26,1,Female,50,11,TRUE,4.2,2.27,0.4,3.15,2.4
TRUE,TikTok,TRUE,-3,34,4,SpotOverlay,7,66be3ed60ce8896e4feb1003,4,2,3,Yes,alone,0,2025-03-01 22:17:19,3,Female,50,22,FALSE,3.8,2.27,0.4,3.15,2.4
TRUE,Instagram,TRUE,-1,707,5,SpotOverlay,6,66c17407c1c8d18c06595a5a,3,6,6,No,alone,2,2025-06-07 9:25:38,5,Female,41,9,FALSE,4,2.27,1,2.62,2
TRUE,Facebook,TRUE,-3,242,4,Pop-Up,6,66c17407c1c8d18c06595a5a,4,5,7,No,alone,2,2025-06-06 22:47:23,5,Female,41,22,TRUE,4,2.27,1,2.62,2
TRUE,Facebook,TRUE,-2,744,5,Pop-Up,6,66c17407c1c8d18c06595a5a,4,6,6,No,alone,3,2025-06-10 18:58:03,5,Female,41,18,TRUE,4.4,2.27,1,2.62,2
TRUE,Facebook,TRUE,1,6,4,Pop-Up,4,66c17407c1c8d18c06595a5a,3,5,6,No,alone,5,2025-06-10 14:03:22,5,Female,41,14,TRUE,4.6,2.27,1,2.62,2
TRUE,Facebook,TRUE,-3,290,5,SpotOverlay,7,66c17407c1c8d18c06595a5a,3,5,6,Yes,alone,1,2025-06-08 23:22:28,6,Female,41,23,FALSE,4.4,2.27,1,2.62,2
TRUE,Instagram,TRUE,-3,226,4,Vibration,8,66c17407c1c8d18c06595a5a,3,5,5,No,alone,1,2025-06-09 22:54:20,5,Female,41,22,TRUE,4.6,2.27,1,2.62,2
TRUE,,TRUE,-1,0,5,Vibration,5,66c17407c1c8d18c06595a5a,3,5,6,No,alone,2,2025-06-07 13:15:40,5,Female,41,13,FALSE,4.4,2.27,1,2.62,2
TRUE,Facebook,TRUE,-2,181,5,SpotOverlay,6,66c17407c1c8d18c06595a5a,3,5,6,No,alone,2,2025-06-12 21:18:53,5,Female,41,21,TRUE,4.6,2.27,1,2.62,2
TRUE,TikTok,TRUE,-2,92,5,Vibration,5,66c5fd9cd88ff2690f682cec,4,3,3,Yes,alone,3,2025-02-26 16:43:41,6,Female,59,16,TRUE,3,2.53,0,4.08,1
TRUE,Facebook,TRUE,-2,75,5,Pop-Up,8,66ce36b5ec965c47b1884230,4,5,7,No,alone,6,2025-03-13 6:50:26,6,Male,56,6,TRUE,5,2.67,2.2,2.54,1
TRUE,Facebook,TRUE,2,89,6,SpotOverlay,3,66ce36b5ec965c47b1884230,4,4,5,No,alone,5,2025-03-13 5:35:43,5,Male,56,5,TRUE,3.8,2.67,2.2,2.54,1
TRUE,Facebook,TRUE,-1,27,7,SpotOverlay,2,66ce36b5ec965c47b1884230,2,7,7,No,alone,9,2025-03-19 0:48:46,7,Male,56,0,TRUE,3.8,2.67,2.2,2.54,1
TRUE,Facebook,TRUE,3,55,7,Vibration,3,66ce36b5ec965c47b1884230,5,6,7,No,alone,2,2025-03-16 5:50:14,7,Male,56,5,FALSE,4.2,2.67,2.2,2.54,1
TRUE,Instagram,TRUE,-3,7,6,Vibration,7,66d1a7a177452f9dc664c908,4,6,2,Yes,alone,0,2025-02-23 16:24:11,6,Female,43,16,FALSE,3,2.53,0.8,2.62,4.8
TRUE,Facebook,TRUE,-2,33,3,Pop-Up,3,66d1a7a177452f9dc664c908,4,3,4,Yes,alone,0,2025-02-21 17:30:24,5,Female,43,17,TRUE,3.2,2.53,0.8,2.62,4.8
TRUE,Facebook,TRUE,-3,86,6,Pop-Up,7,66d1a7a177452f9dc664c908,4,6,2,Yes,alone,1,2025-02-26 22:28:49,6,Female,43,22,TRUE,2,2.53,0.8,2.62,4.8
TRUE,Instagram,TRUE,-3,7,5,Vibration,3,66d1a7a177452f9dc664c908,5,6,4,Yes,alone,0,2025-02-22 15:03:50,5,Female,43,15,FALSE,3.4,2.53,0.8,2.62,4.8
TRUE,Facebook,TRUE,-3,15,2,Vibration,3,66d1a7a177452f9dc664c908,3,2,1,Yes,alone,1,2025-02-24 15:28:33,2,Female,43,15,TRUE,4.2,2.53,0.8,2.62,4.8
TRUE,Instagram,TRUE,-2,0,5,Pop-Up,3,66d4485f12574ea5f2ba8424,4,3,4,No,alone,1,2025-04-12 21:11:38,6,Male,28,21,FALSE,3.6,2.8,2.2,2.46,2.8
TRUE,Instagram,TRUE,-2,103,4,Vibration,6,66d4485f12574ea5f2ba8424,3,2,4,Yes,alone,3,2025-04-11 21:23:42,3,Male,28,21,TRUE,2.8,2.8,2.2,2.46,2.8
TRUE,,FALSE,-3,18,6,Pop-Up,9,66de746bcfef35f46e85ed0f,3,4,4,No,alone,2,2025-03-24 11:40:57,6,Female,59,11,TRUE,3,2.4,1.8,3,4
TRUE,Facebook,FALSE,-2,331,2,Vibration,6,66de746bcfef35f46e85ed0f,2,4,6,Yes,friends,4,2025-03-24 8:58:34,4,Female,59,8,TRUE,4,2.4,1.8,3,4
TRUE,YouTube,FALSE,-3,22,7,Pop-Up,6,66df49caa6df07d77078a5fd,5,7,6,No,friends,0,2025-04-06 14:13:03,7,Female,41,14,FALSE,2.6,2.47,2,3.15,2.4
TRUE,TikTok,TRUE,3,26,7,Pop-Up,3,66df49caa6df07d77078a5fd,5,7,6,Yes,alone,0,2025-04-02 15:31:13,7,Female,41,15,TRUE,3,2.47,2,3.15,2.4
TRUE,TikTok,FALSE,-3,0,6,Vibration,9,66df49caa6df07d77078a5fd,4,6,6,No,friends,1,2025-04-05 19:17:25,6,Female,41,19,FALSE,2,2.47,2,3.15,2.4
TRUE,TikTok,TRUE,-3,0,4,SpotOverlay,7,66df49caa6df07d77078a5fd,4,4,3,No,alone,2,2025-04-01 11:04:29,5,Female,41,11,TRUE,3.2,2.47,2,3.15,2.4
TRUE,TikTok,TRUE,-3,2970,7,Pop-Up,6,66df49caa6df07d77078a5fd,4,7,7,No,alone,1,2025-04-04 10:25:08,5,Female,41,10,TRUE,4.4,2.47,2,3.15,2.4
TRUE,TikTok,TRUE,-3,0,6,Pop-Up,7,66df49caa6df07d77078a5fd,5,7,7,No,friends,0,2025-03-31 5:07:19,7,Female,41,5,TRUE,3,2.47,2,3.15,2.4
TRUE,TikTok,TRUE,-2,33,4,Vibration,4,66df49caa6df07d77078a5fd,3,2,7,Yes,alone,0,2025-03-31 5:52:23,3,Female,41,5,TRUE,3.6,2.47,2,3.15,2.4
TRUE,,TRUE,-3,223,7,Pop-Up,7,66df49caa6df07d77078a5fd,5,7,1,No,alone,1,2025-04-01 11:26:44,7,Female,41,11,TRUE,4,2.47,2,3.15,2.4
TRUE,TikTok,TRUE,-2,0,2,SpotOverlay,7,66df49caa6df07d77078a5fd,5,3,7,No,alone,2,2025-04-02 12:45:24,2,Female,41,12,TRUE,3,2.47,2,3.15,2.4
TRUE,TikTok,TRUE,-3,922,7,Pop-Up,7,66df49caa6df07d77078a5fd,5,7,7,No,friends,2,2025-03-31 12:15:03,7,Female,41,12,TRUE,2.6,2.47,2,3.15,2.4
TRUE,TikTok,FALSE,-3,55,5,SpotOverlay,9,66df49caa6df07d77078a5fd,3,1,1,No,friends,2,2025-04-05 19:00:33,4,Female,41,19,FALSE,4.8,2.47,2,3.15,2.4
TRUE,TikTok,TRUE,-3,177,3,SpotOverlay,6,66df49caa6df07d77078a5fd,2,3,1,No,friends,1,2025-04-03 6:19:25,2,Female,41,6,TRUE,3.8,2.47,2,3.15,2.4
TRUE,TikTok,TRUE,-3,649,3,SpotOverlay,8,66df49caa6df07d77078a5fd,5,6,5,No,alone,0,2025-04-01 11:55:05,6,Female,41,11,TRUE,2.4,2.47,2,3.15,2.4
TRUE,,TRUE,-2,67,4,SpotOverlay,6,66e467a1203280db9edc3988,3,3,3,No,alone,3,2025-05-23 9:31:03,3,Male,52,9,TRUE,4.4,1.6,0.6,3.54,1.6
TRUE,,TRUE,-1,8,4,Vibration,4,66eddcfe67e927db6f0a4768,4,4,6,Yes,alone,5,2025-02-27 6:16:54,4,Non-binary,37,6,TRUE,4,2.07,1,3.38,1
TRUE,,TRUE,2,1,5,SpotOverlay,6,66eddcfe67e927db6f0a4768,4,3,6,Yes,alone,4,2025-02-27 9:34:42,3,Non-binary,37,9,TRUE,3.4,2.07,1,3.38,1
TRUE,,TRUE,-3,1,5,SpotOverlay,4,66eddcfe67e927db6f0a4768,5,6,6,Yes,alone,3,2025-02-26 13:37:11,4,Non-binary,37,13,TRUE,4,2.07,1,3.38,1
TRUE,Facebook,TRUE,-1,89,4,SpotOverlay,6,66eddcfe67e927db6f0a4768,3,3,5,No,alone,4,2025-02-26 2:32:40,5,Non-binary,37,2,TRUE,3.8,2.07,1,3.38,1
TRUE,TikTok,TRUE,-1,84,3,SpotOverlay,6,66eddcfe67e927db6f0a4768,4,5,5,No,alone,3,2025-02-25 21:14:53,4,Non-binary,37,21,TRUE,4,2.07,1,3.38,1
TRUE,TikTok,TRUE,-1,139,2,SpotOverlay,5,66f043f0c38f7c2ec60770e4,3,3,2,Yes,alone,5,2025-06-02 13:53:51,3,Female,30,13,TRUE,3.4,2.87,2,2.92,1
TRUE,TikTok,TRUE,-2,151,2,SpotOverlay,7,66f043f0c38f7c2ec60770e4,2,2,2,No,alone,7,2025-06-02 21:19:38,2,Female,30,21,TRUE,4,2.87,2,2.92,1
TRUE,TikTok,TRUE,-1,103,5,Vibration,6,66f043f0c38f7c2ec60770e4,2,2,4,Yes,alone,3,2025-05-31 14:07:01,2,Female,30,14,FALSE,3,2.87,2,2.92,1
TRUE,,TRUE,-1,64,2,SpotOverlay,7,66f043f0c38f7c2ec60770e4,2,2,2,Yes,alone,7,2025-06-02 20:44:37,1,Female,30,20,TRUE,3.6,2.87,2,2.92,1
TRUE,Instagram,FALSE,1,465,4,Pop-Up,3,66f69dcc061074dacb886b52,4,5,4,No,friends,5,2025-03-05 9:26:59,5,Male,27,9,TRUE,4,2.47,1.6,3.31,3.2
TRUE,Instagram,TRUE,-1,528,5,Pop-Up,1,66f69dcc061074dacb886b52,4,5,5,No,alone,3,2025-03-01 11:31:10,5,Male,27,11,FALSE,3.8,2.47,1.6,3.31,3.2
TRUE,,FALSE,0,1,4,Pop-Up,5,66f69dcc061074dacb886b52,3,4,4,Yes,alone,3,2025-03-01 13:46:30,4,Male,27,13,FALSE,4,2.47,1.6,3.31,3.2
TRUE,TikTok,TRUE,-2,32,4,Vibration,7,66f69dcc061074dacb886b52,2,3,5,No,alone,3,2025-02-26 15:31:29,5,Male,27,15,TRUE,3.8,2.47,1.6,3.31,3.2
TRUE,TikTok,TRUE,-1,18,3,SpotOverlay,6,66f69dcc061074dacb886b52,3,4,4,No,alone,3,2025-02-26 15:12:18,5,Male,27,15,TRUE,4.2,2.47,1.6,3.31,3.2
TRUE,Instagram,TRUE,-1,2079,3,Vibration,3,66f69dcc061074dacb886b52,3,3,3,Yes,friends,4,2025-03-02 12:57:15,4,Male,27,12,FALSE,4,2.47,1.6,3.31,3.2
TRUE,Instagram,FALSE,1,12,5,Vibration,4,66f69dcc061074dacb886b52,4,5,5,Yes,alone,6,2025-03-01 14:09:39,4,Male,27,14,FALSE,4,2.47,1.6,3.31,3.2
TRUE,,TRUE,-1,7,5,Pop-Up,4,66f69dcc061074dacb886b52,4,6,6,No,alone,4,2025-02-27 15:06:05,6,Male,27,15,TRUE,3.6,2.47,1.6,3.31,3.2
TRUE,,FALSE,2,2,5,Pop-Up,4,66f69dcc061074dacb886b52,3,5,5,Yes,friends,6,2025-03-03 18:41:46,5,Male,27,18,TRUE,4,2.47,1.6,3.31,3.2
TRUE,,FALSE,1,16,5,Pop-Up,4,66f69dcc061074dacb886b52,4,5,5,No,friends,4,2025-03-04 16:32:37,5,Male,27,16,TRUE,4,2.47,1.6,3.31,3.2
TRUE,,TRUE,-2,0,4,Pop-Up,7,66fa1820329fa9bb88f2e3c6,3,4,5,No,friends,2,2025-06-04 1:34:51,2,Male,19,1,TRUE,4,2.73,1.6,2.46,2.6
TRUE,YouTube,TRUE,-3,2,2,Pop-Up,6,67007d655b10fbe2d93c3508,3,4,6,No,alone,3,2025-04-05 0:59:01,1,Male,40,0,FALSE,4.4,2.2,1.4,2.38,2.6
TRUE,,TRUE,-3,24,6,Pop-Up,3,67007d655b10fbe2d93c3508,4,5,7,Yes,alone,4,2025-04-06 23:50:43,6,Male,40,23,FALSE,3.8,2.2,1.4,2.38,2.6
TRUE,Facebook,TRUE,0,89,4,SpotOverlay,5,6703370d69c922c9c282ef5c,3,4,6,No,friends,2,2025-03-09 21:49:52,5,Female,32,21,FALSE,4.6,3.13,1.2,3.15,2.4
TRUE,YouTube,TRUE,-1,63,5,Vibration,7,67055b370e3c0c4965a03128,3,3,5,No,alone,5,2025-03-11 4:13:04,5,Male,35,4,TRUE,3.4,2.2,1,3.23,2.8
TRUE,TikTok,TRUE,1,10,5,Pop-Up,6,6709d766da2307f9438df9ee,4,7,7,Yes,alone,3,2025-03-02 20:07:20,5,Female,27,20,FALSE,4.6,2.27,3,2.38,3.6
TRUE,TikTok,TRUE,-3,19,4,SpotOverlay,6,6709d766da2307f9438df9ee,2,1,3,Yes,friends,5,2025-03-02 16:10:22,5,Female,27,16,FALSE,5,2.27,3,2.38,3.6
TRUE,,TRUE,-1,3,4,Pop-Up,2,6709d766da2307f9438df9ee,3,4,5,Yes,friends,3,2025-03-02 16:34:37,2,Female,27,16,FALSE,4.6,2.27,3,2.38,3.6
TRUE,,FALSE,2,13,5,Vibration,6,6709d766da2307f9438df9ee,4,4,7,Yes,friends,2,2025-03-03 10:12:15,3,Female,27,10,TRUE,5,2.27,3,2.38,3.6
TRUE,,FALSE,3,2,5,Pop-Up,3,6709d766da2307f9438df9ee,4,5,7,Yes,friends,2,2025-03-03 9:51:26,5,Female,27,9,TRUE,5,2.27,3,2.38,3.6
TRUE,TikTok,TRUE,0,86,2,Vibration,4,6709d766da2307f9438df9ee,3,3,3,Yes,alone,5,2025-03-05 18:32:23,2,Female,27,18,TRUE,5,2.27,3,2.38,3.6
TRUE,,FALSE,3,6,4,Pop-Up,4,6709d766da2307f9438df9ee,4,7,7,Yes,friends,2,2025-03-04 15:21:25,5,Female,27,15,TRUE,5,2.27,3,2.38,3.6
TRUE,TikTok,TRUE,-3,0,1,Vibration,4,6709d766da2307f9438df9ee,3,5,7,No,friends,2,2025-03-08 17:44:39,1,Female,27,17,FALSE,5,2.27,3,2.38,3.6
TRUE,,FALSE,1,6,4,Vibration,3,6709d766da2307f9438df9ee,2,3,2,Yes,friends,2,2025-03-03 10:39:42,3,Female,27,10,TRUE,5,2.27,3,2.38,3.6
TRUE,,FALSE,2,8,4,Vibration,6,6709d766da2307f9438df9ee,4,5,6,Yes,friends,1,2025-03-03 15:29:16,3,Female,27,15,TRUE,5,2.27,3,2.38,3.6
TRUE,TikTok,TRUE,-3,0,4,Vibration,1,6709d766da2307f9438df9ee,3,3,6,Yes,friends,0,2025-03-02 13:40:29,3,Female,27,13,FALSE,4.6,2.27,3,2.38,3.6
TRUE,,FALSE,3,1,4,SpotOverlay,3,6709d766da2307f9438df9ee,3,5,6,Yes,friends,4,2025-03-05 13:38:07,2,Female,27,13,TRUE,5,2.27,3,2.38,3.6
TRUE,,TRUE,-3,0,1,SpotOverlay,4,67171fa93cd108b6c2b59e4e,3,1,1,No,alone,4,2025-05-20 15:05:18,1,Male,46,15,TRUE,5,2.2,1.2,3.23,2.4
TRUE,Facebook,TRUE,-3,45,2,Vibration,4,67171fa93cd108b6c2b59e4e,3,2,2,No,alone,4,2025-05-23 19:33:01,1,Male,46,19,TRUE,5,2.2,1.2,3.23,2.4
TRUE,,TRUE,-3,0,2,Pop-Up,5,67171fa93cd108b6c2b59e4e,3,2,2,No,alone,5,2025-05-25 2:40:46,1,Male,46,2,FALSE,5,2.2,1.2,3.23,2.4
TRUE,TikTok,TRUE,-2,96,3,SpotOverlay,4,67171fa93cd108b6c2b59e4e,3,3,3,No,alone,3,2025-05-19 17:08:42,2,Male,46,17,TRUE,4,2.2,1.2,3.23,2.4
TRUE,TikTok,TRUE,-2,0,3,Vibration,5,67171fa93cd108b6c2b59e4e,3,3,2,No,alone,5,2025-05-19 16:24:03,2,Male,46,16,TRUE,4,2.2,1.2,3.23,2.4
TRUE,YouTube,TRUE,-3,17,2,Pop-Up,6,67171fa93cd108b6c2b59e4e,3,4,3,No,alone,4,2025-05-25 1:21:12,2,Male,46,1,FALSE,4.2,2.2,1.2,3.23,2.4
TRUE,TikTok,TRUE,-3,2,2,Pop-Up,6,67171fa93cd108b6c2b59e4e,3,2,2,No,alone,4,2025-05-25 19:29:42,2,Male,46,19,FALSE,5,2.2,1.2,3.23,2.4
TRUE,Facebook,TRUE,-3,520,1,Vibration,1,67171fa93cd108b6c2b59e4e,2,1,1,No,alone,7,2025-05-19 21:25:07,1,Male,46,21,TRUE,5,2.2,1.2,3.23,2.4
TRUE,,TRUE,-3,0,3,Vibration,4,67171fa93cd108b6c2b59e4e,3,3,3,No,alone,4,2025-05-20 14:43:51,1,Male,46,14,TRUE,4.6,2.2,1.2,3.23,2.4
TRUE,,FALSE,-3,57,5,SpotOverlay,3,6723b24542d9de1e1f65b9e4,2,3,2,No,alone,2,2025-03-16 19:45:30,3,Female,26,19,FALSE,4,1.93,1.8,2.46,3.6
TRUE,TikTok,TRUE,-3,0,4,Pop-Up,5,672a56a48f56810ca01f305c,3,3,3,Yes,friends,6,2025-03-20 19:11:24,5,Male,38,19,TRUE,4,1.73,1,4.15,1
TRUE,TikTok,TRUE,-3,50,3,SpotOverlay,9,672a56a48f56810ca01f305c,3,3,3,No,friends,3,2025-03-20 23:43:56,4,Male,38,23,TRUE,4.2,1.73,1,4.15,1
TRUE,TikTok,TRUE,-3,123,3,Vibration,8,672a56a48f56810ca01f305c,2,4,3,No,friends,3,2025-03-19 23:22:54,3,Male,38,23,TRUE,4,1.73,1,4.15,1
TRUE,TikTok,TRUE,-3,0,3,SpotOverlay,7,672a56a48f56810ca01f305c,4,4,3,No,friends,1,2025-03-20 23:08:22,5,Male,38,23,TRUE,4,1.73,1,4.15,1
TRUE,TikTok,TRUE,-3,102,3,Vibration,8,672a56a48f56810ca01f305c,2,3,3,No,friends,2,2025-03-22 0:41:11,3,Male,38,0,FALSE,4,1.73,1,4.15,1
TRUE,TikTok,TRUE,-3,234,3,Pop-Up,4,672a56a48f56810ca01f305c,3,4,3,No,friends,5,2025-03-20 18:41:22,4,Male,38,18,TRUE,4,1.73,1,4.15,1
TRUE,TikTok,TRUE,-2,0,3,Vibration,4,672a56a48f56810ca01f305c,3,3,3,No,friends,2,2025-03-23 19:16:49,3,Male,38,19,FALSE,4,1.73,1,4.15,1
TRUE,,TRUE,1,0,1,Pop-Up,1,672ba4b271f34057eb25f408,5,7,5,No,alone,1,2025-02-25 9:36:13,7,Female,25,9,TRUE,2.4,2.73,0,2.85,2
TRUE,YouTube,TRUE,-1,18,3,Vibration,4,672ba4b271f34057eb25f408,4,6,2,No,alone,3,2025-02-27 7:30:27,6,Female,25,7,TRUE,4,2.73,0,2.85,2
TRUE,,TRUE,-1,8,6,Vibration,2,672ba4b271f34057eb25f408,4,6,6,No,alone,2,2025-03-02 8:18:05,6,Female,25,8,FALSE,2.4,2.73,0,2.85,2
TRUE,YouTube,TRUE,-2,14,6,Vibration,5,672ba4b271f34057eb25f408,5,5,5,No,friends,2,2025-03-02 18:45:32,6,Female,25,18,FALSE,2.2,2.73,0,2.85,2
TRUE,YouTube,TRUE,1,1,4,Pop-Up,1,672ba4b271f34057eb25f408,5,7,3,No,alone,1,2025-02-25 9:54:12,7,Female,25,9,TRUE,3.4,2.73,0,2.85,2
TRUE,YouTube,TRUE,-1,220,5,SpotOverlay,3,672ba4b271f34057eb25f408,4,4,3,Yes,alone,3,2025-02-27 7:50:39,5,Female,25,7,TRUE,4,2.73,0,2.85,2
TRUE,TikTok,TRUE,1,0,5,SpotOverlay,2,672ba4b271f34057eb25f408,4,2,5,Yes,alone,3,2025-03-01 18:01:40,5,Female,25,18,FALSE,4,2.73,0,2.85,2
TRUE,,TRUE,2,2,3,SpotOverlay,6,672ede539bd39a8deecc501d,4,4,4,No,alone,1,2025-05-23 3:27:21,3,Male,33,3,TRUE,5,1.47,0,4.92,1
TRUE,Facebook,TRUE,-2,184,7,SpotOverlay,4,673321669f5c5d443040682b,4,2,7,Yes,alone,0,2025-03-23 20:40:24,1,Female,38,20,FALSE,5,2.27,0,3.23,2
TRUE,Instagram,TRUE,-3,8,4,Pop-Up,7,673321669f5c5d443040682b,3,4,6,Yes,alone,1,2025-03-19 22:47:39,4,Female,38,22,TRUE,3,2.27,0,3.23,2
TRUE,,TRUE,-3,0,7,Pop-Up,5,67366fdf3695cee0c68c6339,5,6,3,Yes,friends,4,2025-03-02 21:22:50,7,Female,44,21,FALSE,3.6,2.73,2.6,1.46,3.6
TRUE,,TRUE,-3,0,1,Pop-Up,8,67366fdf3695cee0c68c6339,3,1,7,Yes,alone,8,2025-03-02 4:26:54,1,Female,44,4,FALSE,4.6,2.73,2.6,1.46,3.6
TRUE,YouTube,TRUE,-3,19,4,Vibration,1,67366fdf3695cee0c68c6339,2,3,4,No,alone,7,2025-03-02 13:36:17,5,Female,44,13,FALSE,5,2.73,2.6,1.46,3.6
TRUE,YouTube,FALSE,3,838,1,SpotOverlay,3,67366fdf3695cee0c68c6339,1,1,1,Yes,friends,7,2025-02-26 13:01:54,1,Female,44,13,TRUE,5,2.73,2.6,1.46,3.6
TRUE,YouTube,FALSE,3,7,1,Pop-Up,2,67366fdf3695cee0c68c6339,2,2,2,Yes,friends,8,2025-02-26 13:44:39,1,Female,44,13,TRUE,5,2.73,2.6,1.46,3.6
TRUE,,TRUE,-2,0,7,Vibration,1,67366fdf3695cee0c68c6339,5,4,3,Yes,alone,3,2025-03-01 11:40:42,6,Female,44,11,FALSE,3.8,2.73,2.6,1.46,3.6
TRUE,,TRUE,-3,0,6,SpotOverlay,7,67366fdf3695cee0c68c6339,2,4,7,No,alone,7,2025-03-02 4:53:31,5,Female,44,4,FALSE,5,2.73,2.6,1.46,3.6
TRUE,,TRUE,-3,0,4,SpotOverlay,7,67366fdf3695cee0c68c6339,3,3,3,Yes,alone,7,2025-03-02 3:17:00,4,Female,44,3,FALSE,4.6,2.73,2.6,1.46,3.6
TRUE,YouTube,TRUE,3,0,2,SpotOverlay,1,67366fdf3695cee0c68c6339,3,6,2,Yes,friends,8,2025-02-27 14:40:12,1,Female,44,14,TRUE,4.2,2.73,2.6,1.46,3.6
TRUE,,FALSE,2,0,2,SpotOverlay,5,67366fdf3695cee0c68c6339,3,2,6,Yes,friends,9,2025-02-26 11:55:41,1,Female,44,11,TRUE,4.8,2.73,2.6,1.46,3.6
TRUE,,FALSE,2,37,4,Pop-Up,3,67366fdf3695cee0c68c6339,3,3,3,Yes,friends,5,2025-02-26 13:45:19,4,Female,44,13,TRUE,5,2.73,2.6,1.46,3.6
TRUE,,FALSE,-3,0,3,Pop-Up,5,67366fdf3695cee0c68c6339,5,3,7,Yes,alone,2,2025-02-28 13:24:48,2,Female,44,13,TRUE,5,2.73,2.6,1.46,3.6
TRUE,,TRUE,-3,1912,5,Vibration,6,67366fdf3695cee0c68c6339,4,4,5,Yes,alone,3,2025-02-26 23:32:56,5,Female,44,23,TRUE,4,2.73,2.6,1.46,3.6
TRUE,,TRUE,-3,0,7,Pop-Up,2,67366fdf3695cee0c68c6339,3,5,4,No,alone,7,2025-03-04 15:18:58,7,Female,44,15,TRUE,3.6,2.73,2.6,1.46,3.6
TRUE,YouTube,TRUE,-3,7,1,Vibration,1,67366fdf3695cee0c68c6339,5,1,7,No,alone,5,2025-03-02 14:05:24,1,Female,44,14,FALSE,5,2.73,2.6,1.46,3.6
TRUE,Instagram,TRUE,2,0,5,Vibration,8,6736aaf79268c6121b012a63,4,5,5,No,alone,4,2025-03-02 23:30:55,5,Male,32,23,FALSE,4,1.93,1,3.77,3.2
TRUE,,TRUE,2,33,5,Vibration,1,6736aaf79268c6121b012a63,5,5,6,No,alone,1,2025-02-26 11:51:56,5,Male,32,11,TRUE,4,1.93,1,3.77,3.2
TRUE,Facebook,TRUE,1,10,5,Pop-Up,7,6736aaf79268c6121b012a63,3,4,4,No,alone,1,2025-02-25 23:35:25,5,Male,32,23,TRUE,4,1.93,1,3.77,3.2
TRUE,Instagram,TRUE,2,87,5,SpotOverlay,5,6736aaf79268c6121b012a63,4,5,5,No,alone,2,2025-02-27 18:36:40,5,Male,32,18,TRUE,4,1.93,1,3.77,3.2
TRUE,Facebook,TRUE,2,34,6,Vibration,6,6736aaf79268c6121b012a63,4,6,6,No,alone,2,2025-02-25 21:56:18,6,Male,32,21,TRUE,4,1.93,1,3.77,3.2
TRUE,Instagram,TRUE,2,29,5,SpotOverlay,4,6736aaf79268c6121b012a63,4,5,5,No,alone,2,2025-02-28 9:26:14,5,Male,32,9,TRUE,4,1.93,1,3.77,3.2
TRUE,,TRUE,2,3,5,Pop-Up,6,6736aaf79268c6121b012a63,3,5,5,Yes,alone,4,2025-02-28 22:51:44,5,Male,32,22,TRUE,4,1.93,1,3.77,3.2
TRUE,Facebook,TRUE,2,12,5,Vibration,5,6736aaf79268c6121b012a63,4,5,5,No,alone,2,2025-02-26 18:22:13,5,Male,32,18,TRUE,4,1.93,1,3.77,3.2
TRUE,,TRUE,2,15,5,Pop-Up,6,6736aaf79268c6121b012a63,4,5,5,Yes,alone,6,2025-02-26 21:13:03,5,Male,32,21,TRUE,4,1.93,1,3.77,3.2
TRUE,,TRUE,2,54,5,SpotOverlay,2,6736aaf79268c6121b012a63,4,5,5,No,alone,1,2025-02-27 9:44:26,5,Male,32,9,TRUE,4,1.93,1,3.77,3.2
TRUE,,TRUE,2,0,6,Vibration,3,6736aaf79268c6121b012a63,4,6,6,Yes,alone,4,2025-03-04 17:13:44,6,Male,32,17,TRUE,4,1.93,1,3.77,3.2
TRUE,Instagram,TRUE,2,0,5,Pop-Up,4,6736aaf79268c6121b012a63,4,4,4,No,alone,4,2025-02-26 16:57:51,5,Male,32,16,TRUE,4,1.93,1,3.77,3.2
TRUE,,TRUE,2,0,5,Pop-Up,5,6736aaf79268c6121b012a63,4,5,5,Yes,alone,7,2025-03-03 18:27:32,5,Male,32,18,TRUE,4,1.93,1,3.77,3.2
TRUE,Facebook,TRUE,2,51,5,SpotOverlay,8,6736aaf79268c6121b012a63,3,5,4,No,alone,2,2025-02-27 0:27:27,5,Male,32,0,TRUE,4,1.93,1,3.77,3.2
TRUE,Facebook,TRUE,-1,266,2,SpotOverlay,7,673bd765ee70ef05996bfede,2,3,3,Yes,alone,3,2025-02-24 14:40:26,3,Male,41,14,TRUE,4.6,2.33,1,2.69,2.4
TRUE,Facebook,TRUE,3,0,1,Vibration,5,673bd765ee70ef05996bfede,1,1,1,Yes,friends,9,2025-02-27 2:41:13,1,Male,41,2,TRUE,4.8,2.33,1,2.69,2.4
TRUE,YouTube,TRUE,-3,4,6,Pop-Up,6,673e1365dd4456c908190114,4,3,7,No,alone,3,2025-03-04 20:40:56,3,Female,53,20,TRUE,4.2,2.4,2.8,2.15,4.4
TRUE,YouTube,TRUE,-2,38,6,Vibration,3,673e1365dd4456c908190114,3,4,7,No,alone,1,2025-03-02 15:44:35,3,Female,53,15,FALSE,3.6,2.4,2.8,2.15,4.4
TRUE,YouTube,TRUE,-3,29,5,Vibration,3,673e1365dd4456c908190114,3,4,6,No,alone,3,2025-03-04 21:46:17,3,Female,53,21,TRUE,4.2,2.4,2.8,2.15,4.4
TRUE,YouTube,TRUE,-3,39,6,SpotOverlay,3,673e1365dd4456c908190114,5,3,5,No,friends,0,2025-03-04 19:12:53,3,Female,53,19,TRUE,3.8,2.4,2.8,2.15,4.4
TRUE,YouTube,TRUE,-2,0,6,SpotOverlay,6,673e1365dd4456c908190114,4,3,6,No,alone,1,2025-03-02 18:55:58,2,Female,53,18,FALSE,3,2.4,2.8,2.15,4.4
TRUE,,TRUE,-3,1,3,Pop-Up,5,673e1365dd4456c908190114,4,5,7,No,alone,0,2025-03-02 20:04:11,3,Female,53,20,FALSE,4,2.4,2.8,2.15,4.4
TRUE,YouTube,TRUE,-2,61,6,SpotOverlay,7,673e1365dd4456c908190114,3,5,5,No,alone,1,2025-03-01 21:45:51,6,Female,53,21,FALSE,3.2,2.4,2.8,2.15,4.4
TRUE,,TRUE,-3,0,3,Pop-Up,6,673e1365dd4456c908190114,4,2,7,No,alone,3,2025-03-02 23:42:33,3,Female,53,23,FALSE,4,2.4,2.8,2.15,4.4
TRUE,TikTok,TRUE,1,28,3,Vibration,2,67461d8bda44253bd6e2d689,4,5,3,No,alone,2,2025-02-20 9:55:35,4,Female,39,9,TRUE,3.2,3,1.4,2.38,2.6
TRUE,TikTok,TRUE,-1,38,4,SpotOverlay,6,67461d8bda44253bd6e2d689,4,5,4,No,alone,3,2025-02-23 20:53:59,4,Female,39,20,FALSE,3.2,3,1.4,2.38,2.6
TRUE,TikTok,TRUE,1,43,4,SpotOverlay,4,67461d8bda44253bd6e2d689,4,5,3,No,alone,3,2025-02-20 11:44:41,4,Female,39,11,TRUE,3,3,1.4,2.38,2.6
TRUE,TikTok,TRUE,0,54,4,SpotOverlay,7,67461d8bda44253bd6e2d689,4,4,4,No,alone,3,2025-02-25 22:04:18,5,Female,39,22,TRUE,3.2,3,1.4,2.38,2.6
TRUE,YouTube,TRUE,-1,20,5,Vibration,1,674645888c6513df088f102a,4,7,4,Yes,alone,2,2025-06-03 12:21:09,7,Male,50,12,TRUE,2.8,2.53,0.4,4,1.6
TRUE,Instagram,TRUE,-2,8,6,Pop-Up,3,674645888c6513df088f102a,3,5,3,No,alone,2,2025-06-09 9:44:55,7,Male,50,9,TRUE,3.4,2.53,0.4,4,1.6
TRUE,Instagram,TRUE,3,26,7,SpotOverlay,7,674645888c6513df088f102a,5,7,1,Yes,alone,0,2025-06-06 10:13:03,7,Male,50,10,TRUE,1,2.53,0.4,4,1.6
TRUE,Instagram,TRUE,0,0,6,Pop-Up,2,674645888c6513df088f102a,5,7,7,No,alone,3,2025-06-02 12:00:42,7,Male,50,12,TRUE,3.2,2.53,0.4,4,1.6
TRUE,,TRUE,3,13,7,Vibration,4,674645888c6513df088f102a,4,7,5,Yes,alone,0,2025-06-05 11:41:55,7,Male,50,11,TRUE,2.8,2.53,0.4,4,1.6
TRUE,YouTube,TRUE,3,4,3,Pop-Up,4,674645888c6513df088f102a,3,7,2,No,alone,0,2025-06-04 10:42:13,7,Male,50,10,TRUE,1.4,2.53,0.4,4,1.6
TRUE,Facebook,TRUE,-2,28,6,Vibration,3,6746a9ccaebffc616adf8386,5,6,7,No,friends,1,2025-03-15 10:56:21,5,Female,28,10,FALSE,4,2.6,2.8,2.38,4
TRUE,TikTok,TRUE,-2,115,3,Vibration,6,674fd5c48fbde512501db186,3,2,7,No,alone,0,2025-03-17 20:45:33,3,Female,54,20,TRUE,4,2.27,1,2.92,1.2
TRUE,TikTok,TRUE,-2,32,2,SpotOverlay,7,674fd5c48fbde512501db186,2,1,7,No,alone,2,2025-03-19 17:46:07,1,Female,54,17,TRUE,5,2.27,1,2.92,1.2
TRUE,TikTok,TRUE,-1,49,3,SpotOverlay,6,674fd5c48fbde512501db186,3,3,4,No,alone,2,2025-03-20 16:06:23,3,Female,54,16,TRUE,3,2.27,1,2.92,1.2
TRUE,TikTok,TRUE,-1,810,3,Vibration,4,674fd5c48fbde512501db186,4,2,6,No,alone,1,2025-03-16 20:06:37,3,Female,54,20,FALSE,3.6,2.27,1,2.92,1.2
TRUE,TikTok,TRUE,-2,651,3,Vibration,8,674fd5c48fbde512501db186,3,2,5,No,alone,1,2025-03-17 21:56:21,2,Female,54,21,TRUE,4,2.27,1,2.92,1.2
TRUE,TikTok,TRUE,-3,5,4,Pop-Up,7,674fd5c48fbde512501db186,3,4,4,No,alone,1,2025-03-18 21:39:24,3,Female,54,21,TRUE,3,2.27,1,2.92,1.2
TRUE,YouTube,TRUE,1,414,2,Vibration,4,674fd5c48fbde512501db186,3,3,6,No,alone,1,2025-03-20 10:31:18,2,Female,54,10,TRUE,4,2.27,1,2.92,1.2
TRUE,TikTok,TRUE,-2,300,4,Pop-Up,5,674fd5c48fbde512501db186,2,3,5,No,alone,3,2025-03-19 16:19:01,4,Female,54,16,TRUE,3,2.27,1,2.92,1.2
TRUE,TikTok,TRUE,-2,44,3,SpotOverlay,6,674fd5c48fbde512501db186,2,5,5,No,alone,3,2025-03-19 17:29:44,3,Female,54,17,TRUE,4,2.27,1,2.92,1.2
TRUE,TikTok,TRUE,-3,19,5,Pop-Up,6,674fd5c48fbde512501db186,3,4,2,No,alone,2,2025-03-14 19:48:17,5,Female,54,19,TRUE,2.2,2.27,1,2.92,1.2
TRUE,TikTok,TRUE,-3,10,6,Pop-Up,8,674fd5c48fbde512501db186,3,5,5,No,alone,2,2025-03-15 21:19:01,6,Female,54,21,FALSE,2.8,2.27,1,2.92,1.2
TRUE,,TRUE,2,29,3,Vibration,4,674fd5c48fbde512501db186,4,2,6,No,alone,1,2025-03-17 17:44:21,3,Female,54,17,TRUE,4.2,2.27,1,2.92,1.2
TRUE,TikTok,TRUE,0,34,3,Vibration,6,674fd5c48fbde512501db186,4,5,6,No,alone,1,2025-03-17 19:23:44,3,Female,54,19,TRUE,4,2.27,1,2.92,1.2
TRUE,TikTok,TRUE,-3,988,1,Vibration,6,674fd5c48fbde512501db186,4,1,7,No,alone,0,2025-03-16 21:04:32,1,Female,54,21,FALSE,5,2.27,1,2.92,1.2
TRUE,TikTok,TRUE,1,133,5,SpotOverlay,3,674fd5c48fbde512501db186,4,5,1,No,alone,0,2025-03-17 15:32:17,5,Female,54,15,TRUE,2.6,2.27,1,2.92,1.2
TRUE,TikTok,TRUE,-3,84,3,SpotOverlay,8,6750bac54816fc7028a10a46,3,4,4,No,alone,1,2025-03-20 22:28:33,3,Female,22,22,TRUE,3.8,1.8,1.8,3.54,2.8
TRUE,,TRUE,-2,83,4,SpotOverlay,1,6750bac54816fc7028a10a46,3,4,4,No,alone,0,2025-03-24 17:35:48,1,Female,22,17,TRUE,4.4,1.8,1.8,3.54,2.8
TRUE,TikTok,TRUE,-3,11,4,Vibration,7,6750bac54816fc7028a10a46,3,4,5,No,alone,1,2025-03-18 22:19:48,5,Female,22,22,TRUE,4,1.8,1.8,3.54,2.8
TRUE,Instagram,TRUE,-3,13,4,Vibration,6,6750bac54816fc7028a10a46,3,2,4,No,alone,0,2025-03-23 23:26:02,2,Female,22,23,FALSE,4,1.8,1.8,3.54,2.8
TRUE,TikTok,TRUE,-3,6,2,Pop-Up,6,6750bac54816fc7028a10a46,3,2,3,No,alone,0,2025-03-24 22:31:09,1,Female,22,22,TRUE,4.6,1.8,1.8,3.54,2.8
TRUE,Instagram,TRUE,-3,0,4,Pop-Up,6,6750bac54816fc7028a10a46,4,4,4,No,alone,0,2025-03-21 22:29:11,2,Female,22,22,TRUE,4,1.8,1.8,3.54,2.8
TRUE,,TRUE,0,0,4,SpotOverlay,1,6750bac54816fc7028a10a46,3,2,3,Yes,friends,0,2025-03-23 13:10:20,2,Female,22,13,FALSE,4.6,1.8,1.8,3.54,2.8
TRUE,Instagram,TRUE,-3,0,2,SpotOverlay,7,6750bac54816fc7028a10a46,3,2,3,No,alone,0,2025-03-21 22:47:58,1,Female,22,22,TRUE,3.8,1.8,1.8,3.54,2.8
TRUE,Instagram,TRUE,-3,23,3,Vibration,7,67606293bf5e4b6651484dc7,3,3,5,No,alone,0,2025-04-16 23:08:06,2,Male,33,23,TRUE,4,1.53,0.2,4.31,1
TRUE,Instagram,TRUE,-3,101,3,SpotOverlay,8,67606293bf5e4b6651484dc7,2,2,5,No,alone,0,2025-04-16 23:26:12,1,Male,33,23,TRUE,4,1.53,0.2,4.31,1
TRUE,Instagram,TRUE,-3,5,2,Pop-Up,8,67606293bf5e4b6651484dc7,3,4,6,No,alone,0,2025-04-16 23:42:05,1,Male,33,23,TRUE,4.2,1.53,0.2,4.31,1
TRUE,Instagram,TRUE,-2,202,5,Vibration,2,6760eb1bd8f2c26a870800b6,4,5,3,Yes,alone,3,2025-03-13 18:53:37,6,Male,50,18,TRUE,3.2,1.47,0,3.69,1.6
TRUE,YouTube,TRUE,-3,473,5,Pop-Up,6,6760eb1bd8f2c26a870800b6,4,5,3,Yes,friends,0,2025-03-16 17:20:27,6,Male,50,17,FALSE,4,1.47,0,3.69,1.6
TRUE,Instagram,TRUE,-3,82,6,Vibration,4,6760eb1bd8f2c26a870800b6,4,7,7,Yes,alone,0,2025-03-17 20:48:00,7,Male,50,20,TRUE,2.2,1.47,0,3.69,1.6
TRUE,Facebook,TRUE,-2,62,4,SpotOverlay,7,67617e1e4f544c35e920d809,2,3,5,No,friends,4,2025-03-20 6:09:00,3,Female,39,6,TRUE,3.8,2.27,0.2,2.62,2
TRUE,Facebook,FALSE,-2,13,4,SpotOverlay,6,67617e1e4f544c35e920d809,3,3,3,No,friends,3,2025-03-19 19:10:11,4,Female,39,19,TRUE,3.8,2.27,0.2,2.62,2
TRUE,Facebook,TRUE,-1,53,3,SpotOverlay,5,67617e1e4f544c35e920d809,3,4,4,No,friends,4,2025-03-20 5:51:48,3,Female,39,5,TRUE,4.2,2.27,0.2,2.62,2
TRUE,,TRUE,-2,2,4,SpotOverlay,4,6761944486ce83768479f637,4,5,5,No,friends,1,2025-03-15 2:25:41,3,Female,42,2,FALSE,4,3,2.4,1.85,2.8
TRUE,,TRUE,-2,539,5,Pop-Up,3,6761944486ce83768479f637,4,5,3,No,friends,6,2025-03-13 11:22:58,5,Female,42,11,TRUE,3.6,3,2.4,1.85,2.8
TRUE,TikTok,TRUE,-2,708,4,Pop-Up,5,6762aff824e4f12278e6d3fd,4,4,4,No,alone,2,2025-03-16 0:00:14,5,Male,41,0,FALSE,4,2.53,2,1.85,3.4
TRUE,TikTok,TRUE,-3,108,4,SpotOverlay,4,6762aff824e4f12278e6d3fd,4,4,5,No,friends,2,2025-03-15 23:31:53,4,Male,41,23,FALSE,3.8,2.53,2,1.85,3.4
TRUE,TikTok,TRUE,-1,101,5,Pop-Up,6,6763ad169c28727881cabe7f,4,6,5,No,alone,0,2025-03-19 13:28:16,6,Female,20,13,TRUE,3.8,1.6,0,3.77,1.6
TRUE,TikTok,TRUE,1,16,6,Pop-Up,3,6763ad169c28727881cabe7f,4,6,2,Yes,friends,0,2025-03-19 8:18:28,6,Female,20,8,TRUE,3.4,1.6,0,3.77,1.6
TRUE,,TRUE,1,106,6,SpotOverlay,1,6763ad169c28727881cabe7f,5,6,6,No,alone,1,2025-03-21 13:33:50,7,Female,20,13,TRUE,4,1.6,0,3.77,1.6
TRUE,TikTok,TRUE,-2,540,5,Vibration,2,6763ad169c28727881cabe7f,4,5,6,Yes,friends,0,2025-03-21 1:48:09,6,Female,20,1,TRUE,4,1.6,0,3.77,1.6
TRUE,TikTok,FALSE,1,52,6,SpotOverlay,1,6763ad169c28727881cabe7f,4,6,5,Yes,friends,0,2025-03-24 14:58:43,6,Female,20,14,TRUE,4,1.6,0,3.77,1.6
TRUE,Instagram,TRUE,-1,329,6,Vibration,3,6763ad169c28727881cabe7f,4,6,7,No,alone,0,2025-03-24 11:53:29,6,Female,20,11,TRUE,3.8,1.6,0,3.77,1.6
TRUE,Instagram,FALSE,2,140,5,SpotOverlay,1,6763ad169c28727881cabe7f,4,5,5,Yes,friends,1,2025-03-19 15:33:43,6,Female,20,15,TRUE,3.8,1.6,0,3.77,1.6
TRUE,TikTok,TRUE,-2,3,5,SpotOverlay,3,6763ad169c28727881cabe7f,3,4,4,No,alone,0,2025-03-23 15:16:39,4,Female,20,15,FALSE,4,1.6,0,3.77,1.6
TRUE,TikTok,TRUE,-3,1689,5,Vibration,4,6763ad169c28727881cabe7f,4,5,5,No,alone,0,2025-03-23 10:10:43,5,Female,20,10,FALSE,4,1.6,0,3.77,1.6
TRUE,Instagram,FALSE,-2,775,6,Pop-Up,1,6763ad169c28727881cabe7f,5,6,6,Yes,friends,0,2025-03-22 16:36:20,6,Female,20,16,FALSE,4,1.6,0,3.77,1.6
TRUE,,FALSE,0,691,6,Pop-Up,1,6763ad169c28727881cabe7f,4,6,6,Yes,friends,0,2025-03-24 23:44:06,6,Female,20,23,TRUE,4,1.6,0,3.77,1.6
TRUE,Instagram,FALSE,1,161,6,Vibration,1,6763ad169c28727881cabe7f,4,6,6,Yes,friends,1,2025-03-21 20:31:48,2,Female,20,20,TRUE,4,1.6,0,3.77,1.6
TRUE,YouTube,FALSE,2,75,6,Pop-Up,1,6763ad169c28727881cabe7f,4,6,6,Yes,friends,0,2025-03-24 17:03:21,6,Female,20,17,TRUE,4,1.6,0,3.77,1.6
TRUE,,FALSE,1,17,5,SpotOverlay,1,6763ad169c28727881cabe7f,4,5,5,Yes,friends,1,2025-03-21 22:11:23,5,Female,20,22,TRUE,4,1.6,0,3.77,1.6
TRUE,,TRUE,-2,857,5,Pop-Up,1,6763ad169c28727881cabe7f,4,5,5,Yes,friends,0,2025-03-24 0:14:32,5,Female,20,0,TRUE,3.8,1.6,0,3.77,1.6
TRUE,TikTok,TRUE,-3,66,1,SpotOverlay,5,67646659b6ab85cd552decf1,1,1,1,No,alone,0,2025-03-05 11:31:05,1,Female,26,11,TRUE,5,2.4,1.8,2.08,2.8
TRUE,TikTok,TRUE,-3,56,7,Vibration,1,67646659b6ab85cd552decf1,5,7,7,Yes,alone,0,2025-03-06 17:46:23,7,Female,26,17,TRUE,5,2.4,1.8,2.08,2.8
TRUE,TikTok,TRUE,-3,1801,1,Pop-Up,4,67646659b6ab85cd552decf1,1,1,1,No,alone,0,2025-03-04 16:44:15,1,Female,26,16,TRUE,5,2.4,1.8,2.08,2.8
TRUE,TikTok,TRUE,-3,28,1,Vibration,1,67646659b6ab85cd552decf1,1,1,1,Yes,alone,0,2025-03-05 7:20:10,1,Female,26,7,TRUE,5,2.4,1.8,2.08,2.8
TRUE,TikTok,FALSE,3,707,7,Pop-Up,9,67646659b6ab85cd552decf1,5,7,7,No,friends,10,2025-03-06 19:27:05,7,Female,26,19,TRUE,5,2.4,1.8,2.08,2.8
TRUE,TikTok,TRUE,-3,3,7,Pop-Up,9,67646659b6ab85cd552decf1,4,2,3,No,alone,0,2025-03-01 14:25:47,7,Female,26,14,FALSE,2.8,2.4,1.8,2.08,2.8
TRUE,YouTube,TRUE,-1,593,2,Pop-Up,3,67646659b6ab85cd552decf1,4,5,7,Yes,alone,2,2025-02-28 11:26:10,2,Female,26,11,TRUE,2,2.4,1.8,2.08,2.8
TRUE,TikTok,TRUE,-3,462,7,Pop-Up,3,67646659b6ab85cd552decf1,5,7,1,No,alone,0,2025-03-02 1:29:48,7,Female,26,1,FALSE,3,2.4,1.8,2.08,2.8
TRUE,TikTok,TRUE,-3,29,4,Vibration,6,67646659b6ab85cd552decf1,3,3,3,No,alone,0,2025-03-02 15:14:10,4,Female,26,15,FALSE,3.2,2.4,1.8,2.08,2.8
TRUE,TikTok,TRUE,-3,12,7,Vibration,3,67646659b6ab85cd552decf1,3,1,1,No,alone,0,2025-03-05 6:41:36,4,Female,26,6,TRUE,5,2.4,1.8,2.08,2.8
TRUE,TikTok,TRUE,0,37,7,Vibration,5,67646659b6ab85cd552decf1,3,1,1,Yes,alone,5,2025-03-05 9:40:10,7,Female,26,9,TRUE,5,2.4,1.8,2.08,2.8
TRUE,TikTok,TRUE,-3,114,4,Vibration,1,67646659b6ab85cd552decf1,5,1,1,No,alone,3,2025-03-03 18:55:00,4,Female,26,18,TRUE,5,2.4,1.8,2.08,2.8
TRUE,TikTok,FALSE,3,1016,7,Pop-Up,9,67646659b6ab85cd552decf1,5,7,7,No,friends,10,2025-03-05 10:12:36,7,Female,26,10,TRUE,5,2.4,1.8,2.08,2.8
TRUE,TikTok,TRUE,-3,0,1,Vibration,1,67646659b6ab85cd552decf1,1,1,7,No,alone,0,2025-03-04 15:58:43,1,Female,26,15,TRUE,5,2.4,1.8,2.08,2.8
TRUE,TikTok,TRUE,-3,42,4,Vibration,5,67646659b6ab85cd552decf1,3,2,3,No,alone,0,2025-03-02 20:07:14,4,Female,26,20,FALSE,4.2,2.4,1.8,2.08,2.8
TRUE,TikTok,TRUE,-3,56,4,SpotOverlay,2,67646659b6ab85cd552decf1,5,4,1,No,friends,2,2025-03-04 23:20:58,4,Female,26,23,TRUE,5,2.4,1.8,2.08,2.8
TRUE,YouTube,TRUE,-3,1021,1,SpotOverlay,5,67646659b6ab85cd552decf1,5,7,7,Yes,friends,0,2025-03-05 5:59:23,1,Female,26,5,TRUE,5,2.4,1.8,2.08,2.8
TRUE,TikTok,TRUE,-3,2303,7,Pop-Up,5,67646659b6ab85cd552decf1,5,7,7,No,alone,0,2025-03-02 16:27:53,1,Female,26,16,FALSE,5,2.4,1.8,2.08,2.8
TRUE,TikTok,FALSE,3,182,7,Vibration,9,67646659b6ab85cd552decf1,5,7,7,No,friends,10,2025-03-05 19:32:27,7,Female,26,19,TRUE,5,2.4,1.8,2.08,2.8
TRUE,TikTok,TRUE,-3,921,4,Pop-Up,5,67646659b6ab85cd552decf1,5,2,7,No,alone,2,2025-03-02 2:17:44,4,Female,26,2,FALSE,4.8,2.4,1.8,2.08,2.8
TRUE,TikTok,TRUE,-3,4,4,Pop-Up,2,67646659b6ab85cd552decf1,3,3,5,No,alone,0,2025-03-02 22:58:30,4,Female,26,22,FALSE,4,2.4,1.8,2.08,2.8
TRUE,TikTok,TRUE,-3,32,7,Vibration,4,67646659b6ab85cd552decf1,3,1,1,No,friends,0,2025-03-05 6:25:55,7,Female,26,6,TRUE,5,2.4,1.8,2.08,2.8
TRUE,TikTok,TRUE,-3,38,7,Vibration,6,67646659b6ab85cd552decf1,4,7,1,No,alone,0,2025-03-02 0:15:29,4,Female,26,0,FALSE,2,2.4,1.8,2.08,2.8
TRUE,,FALSE,-1,0,3,Pop-Up,7,6765989f7351963c69182581,4,3,7,No,friends,6,2025-06-11 12:29:37,1,Male,22,12,TRUE,3.6,2.67,1.2,2.92,3.6
TRUE,TikTok,TRUE,-3,139,1,Vibration,3,6765ba55d69018eec3a06514,3,2,2,No,alone,0,2025-03-30 9:04:09,2,Male,36,9,FALSE,5,2.47,1.4,2.38,3
TRUE,TikTok,TRUE,-3,1283,1,Vibration,1,6765ba55d69018eec3a06514,5,7,7,No,alone,2,2025-03-30 10:23:50,7,Male,36,10,FALSE,4.8,2.47,1.4,2.38,3
TRUE,TikTok,TRUE,-3,1404,6,Vibration,5,6765ba55d69018eec3a06514,4,3,4,No,friends,3,2025-03-29 21:28:08,5,Male,36,21,FALSE,3.2,2.47,1.4,2.38,3
TRUE,Facebook,TRUE,-2,116,5,SpotOverlay,8,676749381fe84453ec46e9b8,3,5,5,No,alone,1,2025-03-13 2:15:56,5,Male,49,2,TRUE,2.2,1.93,0.2,3.31,2
TRUE,Facebook,TRUE,-2,44,3,SpotOverlay,8,676749381fe84453ec46e9b8,3,3,2,No,alone,1,2025-03-14 0:44:33,3,Male,49,0,TRUE,3,1.93,0.2,3.31,2
TRUE,Facebook,TRUE,-3,177,3,SpotOverlay,7,676749381fe84453ec46e9b8,4,3,2,No,friends,1,2025-03-18 21:08:42,2,Male,49,21,TRUE,4.2,1.93,0.2,3.31,2
TRUE,Facebook,TRUE,-2,35,6,Vibration,8,676749381fe84453ec46e9b8,3,4,4,No,alone,1,2025-03-18 3:44:29,6,Male,49,3,TRUE,3.6,1.93,0.2,3.31,2
TRUE,Facebook,TRUE,-2,139,4,SpotOverlay,3,676749381fe84453ec46e9b8,4,3,3,No,friends,2,2025-03-15 20:49:23,3,Male,49,20,FALSE,3.6,1.93,0.2,3.31,2
TRUE,Facebook,TRUE,-2,166,3,SpotOverlay,5,676749381fe84453ec46e9b8,3,3,2,No,friends,3,2025-03-16 10:32:47,2,Male,49,10,FALSE,3.6,1.93,0.2,3.31,2
TRUE,Facebook,TRUE,-1,0,4,SpotOverlay,4,676749381fe84453ec46e9b8,3,3,3,No,alone,1,2025-03-15 9:15:16,2,Male,49,9,FALSE,3.2,1.93,0.2,3.31,2
TRUE,Facebook,TRUE,-2,12,4,Pop-Up,4,676749381fe84453ec46e9b8,4,6,5,No,friends,2,2025-03-12 19:39:12,5,Male,49,19,TRUE,2,1.93,0.2,3.31,2
TRUE,Instagram,FALSE,-2,17,6,Vibration,4,676998e4f6daae6e1a643595,3,6,5,No,alone,7,2025-03-03 12:08:40,6,Female,20,12,TRUE,2.4,2.2,2.6,2.92,4.8
TRUE,YouTube,TRUE,-3,6,6,Pop-Up,2,676998e4f6daae6e1a643595,4,5,5,Yes,alone,3,2025-03-09 8:26:30,4,Female,20,8,FALSE,3.2,2.2,2.6,2.92,4.8
TRUE,,FALSE,-1,144,5,SpotOverlay,6,676998e4f6daae6e1a643595,2,3,3,No,alone,8,2025-03-03 12:49:58,5,Female,20,12,TRUE,3.2,2.2,2.6,2.92,4.8
TRUE,,TRUE,-3,0,6,Pop-Up,4,676998e4f6daae6e1a643595,3,5,5,No,alone,4,2025-03-08 5:26:53,4,Female,20,5,FALSE,3.8,2.2,2.6,2.92,4.8
TRUE,TikTok,TRUE,-2,205,5,Vibration,4,676998e4f6daae6e1a643595,3,5,4,No,alone,4,2025-03-08 8:17:28,4,Female,20,8,FALSE,4.2,2.2,2.6,2.92,4.8
TRUE,TikTok,FALSE,2,275,6,Pop-Up,7,676998e4f6daae6e1a643595,2,3,6,Yes,alone,7,2025-03-02 14:49:52,5,Female,20,14,FALSE,4.4,2.2,2.6,2.92,4.8
TRUE,Instagram,TRUE,0,4,5,Pop-Up,6,676aaaf85232053baf865ac6,3,5,6,No,friends,2,2025-05-15 6:51:27,5,Male,35,6,TRUE,4,2.4,0.4,2.62,2.4
TRUE,Instagram,TRUE,-1,22,4,Pop-Up,4,676aaaf85232053baf865ac6,3,6,6,Yes,friends,4,2025-05-21 7:12:55,4,Male,35,7,TRUE,4,2.4,0.4,2.62,2.4
TRUE,,TRUE,0,907,5,Pop-Up,6,676aaaf85232053baf865ac6,3,4,5,Yes,friends,4,2025-05-14 18:57:56,6,Male,35,18,TRUE,3.4,2.4,0.4,2.62,2.4
TRUE,Instagram,TRUE,-2,58,3,SpotOverlay,7,676aaaf85232053baf865ac6,3,4,3,No,alone,2,2025-05-16 6:09:33,3,Male,35,6,TRUE,3.6,2.4,0.4,2.62,2.4
TRUE,,TRUE,2,1,4,Pop-Up,3,676aaaf85232053baf865ac6,4,6,6,No,alone,6,2025-05-15 12:01:47,6,Male,35,12,TRUE,3.8,2.4,0.4,2.62,2.4
TRUE,YouTube,TRUE,-2,187,3,SpotOverlay,5,676aaaf85232053baf865ac6,3,3,6,Yes,friends,2,2025-05-16 18:36:43,1,Male,35,18,TRUE,4.6,2.4,0.4,2.62,2.4
TRUE,Instagram,TRUE,-2,1479,4,Vibration,6,676aaaf85232053baf865ac6,3,5,6,No,alone,2,2025-05-16 7:05:36,4,Male,35,7,TRUE,4.2,2.4,0.4,2.62,2.4
TRUE,,TRUE,-1,5,4,Pop-Up,4,676aaaf85232053baf865ac6,4,5,6,Yes,friends,3,2025-05-20 18:15:19,5,Male,35,18,TRUE,4,2.4,0.4,2.62,2.4
TRUE,TikTok,TRUE,-3,80,4,SpotOverlay,5,677098fa179719849c34b6a4,4,4,4,No,alone,2,2025-06-01 15:20:52,4,Male,37,15,FALSE,4,2.93,1.2,2.77,3
TRUE,TikTok,TRUE,-2,8,4,Vibration,3,677098fa179719849c34b6a4,4,4,4,No,alone,2,2025-05-27 22:53:51,4,Male,37,22,TRUE,4,2.93,1.2,2.77,3
TRUE,TikTok,TRUE,-2,98,4,SpotOverlay,5,677098fa179719849c34b6a4,4,4,4,No,alone,2,2025-05-27 13:27:52,4,Male,37,13,TRUE,4,2.93,1.2,2.77,3
TRUE,Facebook,TRUE,-2,34,4,SpotOverlay,3,677098fa179719849c34b6a4,4,3,4,No,alone,2,2025-05-27 22:25:45,4,Male,37,22,TRUE,4,2.93,1.2,2.77,3
TRUE,Facebook,TRUE,-1,94,5,SpotOverlay,5,6772c3d7866216d035ca1763,4,5,5,No,alone,3,2025-05-21 13:44:01,4,Female,40,13,TRUE,5,2.8,1.4,3.46,2.2
TRUE,,TRUE,-3,51,2,SpotOverlay,7,6772c3d7866216d035ca1763,2,2,2,No,alone,2,2025-05-22 3:50:46,2,Female,40,3,TRUE,5,2.8,1.4,3.46,2.2
TRUE,Facebook,TRUE,-2,11,2,Pop-Up,2,6772c3d7866216d035ca1763,2,2,2,No,alone,4,2025-05-21 14:00:14,2,Female,40,14,TRUE,4.6,2.8,1.4,3.46,2.2
TRUE,Facebook,TRUE,-3,959,2,Pop-Up,5,6772c3d7866216d035ca1763,3,2,2,No,alone,3,2025-05-22 1:50:09,1,Female,40,1,TRUE,4.6,2.8,1.4,3.46,2.2
TRUE,Facebook,TRUE,-2,157,4,SpotOverlay,2,6772c3d7866216d035ca1763,2,4,4,No,alone,3,2025-05-21 14:19:39,3,Female,40,14,TRUE,4.8,2.8,1.4,3.46,2.2
TRUE,Facebook,TRUE,-3,31,6,SpotOverlay,8,6772c5ec9aa61cab9a3cd8c6,5,6,6,Yes,alone,2,2025-03-30 8:03:39,6,Female,44,8,FALSE,4.6,1.6,0,4.54,1
TRUE,Facebook,TRUE,-3,11,7,Vibration,1,6772c5ec9aa61cab9a3cd8c6,5,7,7,Yes,alone,0,2025-04-04 8:50:47,7,Female,44,8,TRUE,5,1.6,0,4.54,1
TRUE,Facebook,TRUE,-3,50,7,SpotOverlay,9,6772c5ec9aa61cab9a3cd8c6,5,7,7,Yes,alone,0,2025-04-01 22:14:36,7,Female,44,22,TRUE,5,1.6,0,4.54,1
TRUE,Facebook,TRUE,-3,765,6,Pop-Up,1,6772c5ec9aa61cab9a3cd8c6,5,6,6,Yes,friends,0,2025-03-31 19:33:21,6,Female,44,19,TRUE,3,1.6,0,4.54,1
TRUE,Facebook,TRUE,-3,1211,6,Pop-Up,3,6772c5ec9aa61cab9a3cd8c6,4,5,6,No,alone,1,2025-03-30 8:41:59,6,Female,44,8,FALSE,5,1.6,0,4.54,1
TRUE,,FALSE,3,13,7,Vibration,6,6772c5ec9aa61cab9a3cd8c6,5,7,7,Yes,friends,1,2025-04-03 6:43:53,6,Female,44,6,TRUE,5,1.6,0,4.54,1
TRUE,Facebook,FALSE,3,13,7,Vibration,1,6772c5ec9aa61cab9a3cd8c6,5,7,7,Yes,friends,3,2025-04-03 15:43:19,7,Female,44,15,TRUE,5,1.6,0,4.54,1
TRUE,Facebook,FALSE,-3,920,7,Pop-Up,1,6772c5ec9aa61cab9a3cd8c6,5,7,7,Yes,friends,0,2025-04-04 9:48:17,7,Female,44,9,TRUE,5,1.6,0,4.54,1
TRUE,Facebook,TRUE,-3,12,7,Pop-Up,1,6772c5ec9aa61cab9a3cd8c6,5,7,7,Yes,alone,0,2025-04-05 9:57:24,7,Female,44,9,FALSE,5,1.6,0,4.54,1
TRUE,,TRUE,-3,12,1,Vibration,3,6772c5ec9aa61cab9a3cd8c6,1,1,1,No,alone,7,2025-04-03 17:36:06,1,Female,44,17,TRUE,5,1.6,0,4.54,1
TRUE,Facebook,FALSE,-3,33,4,Pop-Up,8,6772c5ec9aa61cab9a3cd8c6,3,4,3,Yes,alone,4,2025-04-02 15:06:02,4,Female,44,15,TRUE,5,1.6,0,4.54,1
TRUE,,TRUE,-3,10,1,Vibration,2,6772c5ec9aa61cab9a3cd8c6,1,1,1,Yes,alone,7,2025-04-04 11:45:55,1,Female,44,11,TRUE,5,1.6,0,4.54,1
TRUE,Facebook,FALSE,-2,17,6,Vibration,2,6772c5ec9aa61cab9a3cd8c6,5,7,7,Yes,alone,1,2025-04-02 14:49:31,7,Female,44,14,TRUE,5,1.6,0,4.54,1
TRUE,Facebook,TRUE,-3,11,7,Vibration,3,6772c5ec9aa61cab9a3cd8c6,5,7,7,Yes,alone,0,2025-04-03 15:59:20,7,Female,44,15,TRUE,4.6,1.6,0,4.54,1
TRUE,Facebook,TRUE,3,137,4,Vibration,6,6772c5ec9aa61cab9a3cd8c6,3,4,4,Yes,friends,9,2025-03-29 20:04:34,7,Female,44,20,FALSE,5,1.6,0,4.54,1
TRUE,,FALSE,-3,135,1,Vibration,9,6772c5ec9aa61cab9a3cd8c6,1,1,1,Yes,alone,8,2025-04-02 15:35:48,7,Female,44,15,TRUE,5,1.6,0,4.54,1
TRUE,Facebook,FALSE,3,174,7,Vibration,3,6772c5ec9aa61cab9a3cd8c6,5,7,7,Yes,friends,5,2025-04-01 6:40:07,7,Female,44,6,TRUE,5,1.6,0,4.54,1
TRUE,Facebook,TRUE,-3,6,1,Vibration,1,6772c5ec9aa61cab9a3cd8c6,1,1,1,Yes,alone,10,2025-04-04 12:02:24,1,Female,44,12,TRUE,5,1.6,0,4.54,1
TRUE,Facebook,TRUE,-3,717,7,Pop-Up,1,6772c5ec9aa61cab9a3cd8c6,5,7,7,Yes,alone,0,2025-04-04 14:42:46,1,Female,44,14,TRUE,5,1.6,0,4.54,1
TRUE,Facebook,TRUE,-2,114,7,SpotOverlay,1,6772c5ec9aa61cab9a3cd8c6,4,7,7,Yes,alone,1,2025-03-31 20:44:40,7,Female,44,20,TRUE,5,1.6,0,4.54,1
TRUE,Instagram,TRUE,-1,0,4,Vibration,5,67768cb5c78ca6942d258211,3,5,4,No,alone,3,2025-02-27 8:32:31,5,Male,24,8,TRUE,4,1.67,0.4,2.92,3.2
TRUE,Instagram,TRUE,-2,2,6,Pop-Up,7,67768cb5c78ca6942d258211,4,5,6,No,alone,2,2025-02-26 21:38:03,6,Male,24,21,TRUE,4,1.67,0.4,2.92,3.2
TRUE,Instagram,TRUE,0,0,5,Pop-Up,6,67768cb5c78ca6942d258211,3,4,7,No,alone,4,2025-02-25 11:46:59,6,Male,24,11,TRUE,3.6,1.67,0.4,2.92,3.2
TRUE,Instagram,TRUE,-3,138,4,Pop-Up,7,67768cb5c78ca6942d258211,4,4,6,No,alone,1,2025-02-25 22:28:43,6,Male,24,22,TRUE,4.2,1.67,0.4,2.92,3.2
TRUE,Instagram,TRUE,0,243,5,Pop-Up,6,67768cb5c78ca6942d258211,4,6,6,No,alone,4,2025-02-26 10:17:13,6,Male,24,10,TRUE,4.2,1.67,0.4,2.92,3.2
TRUE,Instagram,TRUE,-1,0,5,Pop-Up,4,67768cb5c78ca6942d258211,4,5,6,No,alone,4,2025-02-27 11:37:08,6,Male,24,11,TRUE,4.6,1.67,0.4,2.92,3.2
TRUE,Instagram,TRUE,-3,40,6,SpotOverlay,7,67768d5e8b0341abb0f7ef1f,2,7,2,No,friends,7,2025-02-25 8:11:18,6,Female,24,8,TRUE,3.2,2.93,1.8,3.69,3
TRUE,Instagram,TRUE,-3,17,5,SpotOverlay,7,67768d5e8b0341abb0f7ef1f,2,7,3,No,friends,7,2025-02-25 7:54:24,6,Female,24,7,TRUE,3.2,2.93,1.8,3.69,3
TRUE,Instagram,TRUE,-2,8,6,Vibration,4,67768d5e8b0341abb0f7ef1f,3,4,7,No,friends,6,2025-02-25 9:19:32,2,Female,24,9,TRUE,4,2.93,1.8,3.69,3
TRUE,Instagram,TRUE,-3,34,5,SpotOverlay,4,67768d5e8b0341abb0f7ef1f,4,6,2,No,friends,3,2025-02-27 8:56:58,6,Female,24,8,TRUE,3.4,2.93,1.8,3.69,3
TRUE,Instagram,TRUE,-3,9,6,Vibration,4,67768d5e8b0341abb0f7ef1f,4,7,6,No,friends,4,2025-02-23 8:46:15,3,Female,24,8,FALSE,3.6,2.93,1.8,3.69,3
TRUE,Instagram,TRUE,-3,7,4,Vibration,3,67768d5e8b0341abb0f7ef1f,4,3,7,No,friends,7,2025-03-01 7:03:42,2,Female,24,7,FALSE,3.6,2.93,1.8,3.69,3
TRUE,Instagram,TRUE,-3,8,5,Vibration,6,67768d5e8b0341abb0f7ef1f,3,5,7,No,friends,6,2025-02-24 9:45:41,3,Female,24,9,TRUE,3.6,2.93,1.8,3.69,3
TRUE,Instagram,TRUE,-3,48,4,SpotOverlay,4,67768d5e8b0341abb0f7ef1f,4,6,1,No,friends,7,2025-03-01 7:33:18,6,Female,24,7,FALSE,3.2,2.93,1.8,3.69,3
TRUE,,TRUE,-1,0,4,Pop-Up,6,6776a7b8452ae4bda6294105,4,6,7,Yes,alone,4,2025-06-01 15:36:35,3,Male,25,15,FALSE,4,2.27,1,2.08,1.4
TRUE,,TRUE,-2,157,4,SpotOverlay,6,6776a7b8452ae4bda6294105,2,3,6,Yes,alone,3,2025-05-28 14:10:46,2,Male,25,14,TRUE,4,2.27,1,2.08,1.4
TRUE,,TRUE,-3,0,4,SpotOverlay,5,6776a7b8452ae4bda6294105,4,4,5,Yes,alone,3,2025-05-30 8:52:18,3,Male,25,8,TRUE,3.8,2.27,1,2.08,1.4
TRUE,Instagram,TRUE,-3,610,3,Pop-Up,9,67775733168395b382f0585d,3,5,5,Yes,alone,4,2025-05-26 23:43:27,5,Male,47,23,TRUE,3.8,1.6,1.4,3.46,2
TRUE,Instagram,TRUE,-2,18,5,Vibration,6,67775733168395b382f0585d,3,5,4,No,friends,7,2025-05-26 8:06:33,5,Male,47,8,TRUE,4,1.6,1.4,3.46,2
TRUE,Instagram,TRUE,-2,40,4,Vibration,7,67775733168395b382f0585d,3,4,4,No,friends,4,2025-05-22 0:10:54,4,Male,47,0,TRUE,3,1.6,1.4,3.46,2
TRUE,Instagram,FALSE,3,2,5,Vibration,9,67775733168395b382f0585d,2,5,5,No,friends,8,2025-05-23 6:47:20,5,Male,47,6,TRUE,4,1.6,1.4,3.46,2
TRUE,,TRUE,-3,0,4,Vibration,6,6778196d593a47bb67125931,3,4,6,No,alone,2,2025-03-23 10:11:16,2,Male,23,10,FALSE,4,2.27,1.6,3.15,3.2
TRUE,TikTok,TRUE,-2,154,6,Vibration,6,677b9b5103b7bc35dab863b6,5,6,5,No,friends,1,2025-05-26 0:49:44,6,Female,33,0,TRUE,2.2,1.73,0.2,4.15,1.2
TRUE,,FALSE,-3,9,3,SpotOverlay,7,677c020a83804733cc933fa6,5,4,4,Yes,friends,0,2025-05-18 22:17:00,3,Male,35,22,FALSE,3.8,1.93,2.6,2.46,4.2
TRUE,Facebook,TRUE,-2,67,6,Vibration,5,6785c695a07c912f4f5a105d,5,5,2,No,alone,0,2025-02-25 19:24:47,6,Female,65,19,TRUE,2.8,1.8,0,4,1
TRUE,Facebook,TRUE,2,0,3,SpotOverlay,7,678b8b6f4d1425ef3b30bd32,2,2,3,Yes,friends,7,2025-03-13 16:24:22,4,Male,39,16,TRUE,3.6,2.87,2.6,2.31,3.8
TRUE,,TRUE,2,10,5,Pop-Up,6,678b8b6f4d1425ef3b30bd32,4,5,6,No,alone,3,2025-03-17 7:49:57,5,Male,39,7,TRUE,2.8,2.87,2.6,2.31,3.8
TRUE,,TRUE,1,1,4,Vibration,5,678b8b6f4d1425ef3b30bd32,4,4,6,No,friends,7,2025-03-13 14:41:28,4,Male,39,14,TRUE,3,2.87,2.6,2.31,3.8
TRUE,,TRUE,-1,2,3,SpotOverlay,7,678b8b6f4d1425ef3b30bd32,3,3,5,No,alone,8,2025-03-18 12:55:55,3,Male,39,12,TRUE,4.4,2.87,2.6,2.31,3.8
TRUE,YouTube,TRUE,3,75,1,Vibration,1,678ce1ebd56c85701ebce209,1,1,1,Yes,alone,5,2025-03-24 16:02:39,1,Male,48,16,TRUE,5,1.73,0.8,3.85,1.6
TRUE,YouTube,TRUE,-3,153,1,Vibration,3,678ce1ebd56c85701ebce209,1,1,1,No,alone,6,2025-03-24 17:39:14,1,Male,48,17,TRUE,5,1.73,0.8,3.85,1.6
TRUE,Instagram,TRUE,-3,94,6,SpotOverlay,9,678ce1ebd56c85701ebce209,1,2,2,No,alone,2,2025-03-23 8:59:15,5,Male,48,8,FALSE,4,1.73,0.8,3.85,1.6
TRUE,,TRUE,3,2,1,Vibration,3,678ce1ebd56c85701ebce209,1,1,1,Yes,friends,6,2025-03-25 19:11:40,1,Male,48,19,TRUE,5,1.73,0.8,3.85,1.6
TRUE,YouTube,TRUE,1,149,4,SpotOverlay,8,678ce1ebd56c85701ebce209,2,1,1,Yes,alone,4,2025-03-22 8:45:55,6,Male,48,8,FALSE,5,1.73,0.8,3.85,1.6
TRUE,Instagram,TRUE,-3,141,2,SpotOverlay,9,678ce1ebd56c85701ebce209,2,1,1,Yes,alone,2,2025-03-22 7:25:32,7,Male,48,7,FALSE,4,1.73,0.8,3.85,1.6
TRUE,,TRUE,-2,0,5,Pop-Up,8,678ce1ebd56c85701ebce209,3,4,2,Yes,alone,5,2025-03-22 8:04:39,6,Male,48,8,FALSE,4,1.73,0.8,3.85,1.6
TRUE,YouTube,TRUE,1,38,2,SpotOverlay,8,678ce1ebd56c85701ebce209,2,2,1,Yes,alone,5,2025-03-22 8:26:51,3,Male,48,8,FALSE,4.2,1.73,0.8,3.85,1.6
TRUE,Instagram,TRUE,-3,128,2,SpotOverlay,3,67929fedf3f6f88cbbb925ab,2,2,3,No,alone,0,2025-03-18 8:29:45,2,Female,63,8,TRUE,4.4,2,0.8,3.62,1.4
TRUE,Instagram,TRUE,-2,78,4,SpotOverlay,1,67929fedf3f6f88cbbb925ab,3,4,6,No,alone,1,2025-03-16 16:27:24,3,Female,63,16,FALSE,4,2,0.8,3.62,1.4
TRUE,Instagram,TRUE,-3,666,3,Vibration,1,67929fedf3f6f88cbbb925ab,4,3,6,No,alone,0,2025-03-17 11:15:12,2,Female,63,11,TRUE,4,2,0.8,3.62,1.4
TRUE,,TRUE,-3,1,2,SpotOverlay,1,67929fedf3f6f88cbbb925ab,3,2,2,No,alone,0,2025-03-20 13:59:40,2,Female,63,13,TRUE,3.6,2,0.8,3.62,1.4
TRUE,Instagram,TRUE,-3,41,1,Pop-Up,1,67929fedf3f6f88cbbb925ab,1,1,1,Yes,alone,0,2025-03-18 13:28:12,1,Female,63,13,TRUE,3.8,2,0.8,3.62,1.4
TRUE,Instagram,TRUE,-2,211,3,Vibration,2,67929fedf3f6f88cbbb925ab,4,5,6,No,alone,0,2025-03-19 12:47:41,3,Female,63,12,TRUE,4,2,0.8,3.62,1.4
TRUE,TikTok,TRUE,-2,20,2,Vibration,4,679a0366c8793f4845badfd6,3,3,3,No,alone,5,2025-03-03 19:11:43,3,Male,19,19,TRUE,4.4,2.53,1.6,3,3.2
TRUE,TikTok,TRUE,-1,571,3,Pop-Up,5,679a0366c8793f4845badfd6,3,4,5,No,alone,4,2025-03-02 14:30:53,3,Male,19,14,FALSE,4.2,2.53,1.6,3,3.2
TRUE,TikTok,TRUE,2,119,3,SpotOverlay,5,679a0366c8793f4845badfd6,3,2,2,No,alone,3,2025-03-01 20:52:59,2,Male,19,20,FALSE,4.6,2.53,1.6,3,3.2
TRUE,TikTok,TRUE,-1,12,4,Vibration,7,679a0366c8793f4845badfd6,3,3,3,No,alone,6,2025-03-05 2:25:35,5,Male,19,2,TRUE,4.6,2.53,1.6,3,3.2
TRUE,TikTok,TRUE,-1,57,3,SpotOverlay,2,679a0366c8793f4845badfd6,3,2,4,No,alone,2,2025-03-02 13:54:42,3,Male,19,13,FALSE,4.2,2.53,1.6,3,3.2
TRUE,TikTok,TRUE,-1,4,2,Pop-Up,2,679a0366c8793f4845badfd6,2,4,4,No,alone,2,2025-03-04 19:58:26,3,Male,19,19,TRUE,4.2,2.53,1.6,3,3.2
TRUE,,TRUE,3,2,5,SpotOverlay,6,679a0366c8793f4845badfd6,4,5,3,Yes,alone,2,2025-03-01 20:34:57,6,Male,19,20,FALSE,2.8,2.53,1.6,3,3.2
TRUE,,TRUE,0,4,4,SpotOverlay,1,67a3c5e78c483a6d93114bb5,4,4,4,No,alone,1,2025-03-16 10:27:13,4,Female,43,10,FALSE,3.4,1.73,0.2,4.46,1
TRUE,YouTube,TRUE,0,468,4,SpotOverlay,5,67a3c5e78c483a6d93114bb5,4,4,4,No,alone,1,2025-03-18 6:00:53,4,Female,43,6,TRUE,3.6,1.73,0.2,4.46,1
TRUE,,TRUE,0,3,4,SpotOverlay,3,67a3c5e78c483a6d93114bb5,4,4,4,No,alone,3,2025-03-14 18:33:00,4,Female,43,18,TRUE,3,1.73,0.2,4.46,1
TRUE,Instagram,TRUE,0,23,4,Vibration,5,67a3c5e78c483a6d93114bb5,3,4,4,Yes,alone,1,2025-03-20 11:26:57,4,Female,43,11,TRUE,3.6,1.73,0.2,4.46,1
TRUE,YouTube,TRUE,0,3839,4,Pop-Up,6,67a3c5e78c483a6d93114bb5,3,4,4,No,alone,1,2025-03-16 21:24:54,4,Female,43,21,FALSE,3.8,1.73,0.2,4.46,1
TRUE,YouTube,TRUE,0,61,4,SpotOverlay,6,67a3c5e78c483a6d93114bb5,4,4,4,No,alone,1,2025-03-13 21:04:02,4,Female,43,21,TRUE,4,1.73,0.2,4.46,1
TRUE,Instagram,TRUE,0,59,4,SpotOverlay,5,67a3c5e78c483a6d93114bb5,4,4,4,No,alone,1,2025-03-15 17:30:32,4,Female,43,17,FALSE,3.8,1.73,0.2,4.46,1
TRUE,YouTube,TRUE,0,51,4,SpotOverlay,6,67a3c5e78c483a6d93114bb5,3,4,4,No,alone,0,2025-03-14 20:48:47,4,Female,43,20,TRUE,3.2,1.73,0.2,4.46,1
TRUE,YouTube,TRUE,0,555,4,Pop-Up,3,67a3c5e78c483a6d93114bb5,4,3,3,No,alone,1,2025-03-19 7:16:18,4,Female,43,7,TRUE,4.6,1.73,0.2,4.46,1
TRUE,,TRUE,0,0,4,Pop-Up,3,67a3c5e78c483a6d93114bb5,3,4,4,Yes,alone,1,2025-03-16 8:00:07,4,Female,43,8,FALSE,3,1.73,0.2,4.46,1
TRUE,YouTube,TRUE,0,783,4,SpotOverlay,6,67a3c5e78c483a6d93114bb5,3,4,4,No,alone,0,2025-03-17 19:46:26,4,Female,43,19,TRUE,3.4,1.73,0.2,4.46,1
TRUE,,TRUE,0,11,4,Vibration,3,67a3c5e78c483a6d93114bb5,4,3,3,No,alone,1,2025-03-20 18:36:47,4,Female,43,18,TRUE,4.2,1.73,0.2,4.46,1
TRUE,YouTube,TRUE,0,0,4,Vibration,5,67a3c5e78c483a6d93114bb5,3,4,4,No,alone,3,2025-03-20 6:00:59,4,Female,43,6,TRUE,5,1.73,0.2,4.46,1
TRUE,,TRUE,0,12,4,Pop-Up,6,67a3c5e78c483a6d93114bb5,3,4,4,No,alone,1,2025-03-19 23:44:46,4,Female,43,23,TRUE,4.2,1.73,0.2,4.46,1
TRUE,YouTube,TRUE,0,182,4,SpotOverlay,3,67a3c5e78c483a6d93114bb5,3,4,3,No,alone,1,2025-03-16 7:13:04,4,Female,43,7,FALSE,3.4,1.73,0.2,4.46,1
TRUE,YouTube,TRUE,0,675,4,SpotOverlay,5,67a3c5e78c483a6d93114bb5,3,3,3,No,alone,3,2025-03-20 5:44:41,4,Female,43,5,TRUE,4.4,1.73,0.2,4.46,1
TRUE,YouTube,TRUE,0,24,4,Pop-Up,1,67a3c5e78c483a6d93114bb5,4,4,4,Yes,alone,0,2025-03-18 10:06:47,4,Female,43,10,TRUE,4.4,1.73,0.2,4.46,1
TRUE,,TRUE,0,1,4,SpotOverlay,5,67a3c5e78c483a6d93114bb5,3,4,4,No,alone,0,2025-03-17 17:14:53,4,Female,43,17,TRUE,4,1.73,0.2,4.46,1
TRUE,,TRUE,0,1387,4,Pop-Up,6,67a3c5e78c483a6d93114bb5,4,4,4,No,alone,1,2025-03-14 19:52:47,4,Female,43,19,TRUE,3,1.73,0.2,4.46,1
TRUE,YouTube,TRUE,0,24,4,Vibration,3,67a3c5e78c483a6d93114bb5,3,4,3,No,alone,1,2025-03-16 9:15:02,4,Female,43,9,FALSE,4.4,1.73,0.2,4.46,1
TRUE,YouTube,TRUE,0,29,4,Vibration,3,67a3c5e78c483a6d93114bb5,3,4,4,No,alone,1,2025-03-20 13:39:54,4,Female,43,13,TRUE,4.4,1.73,0.2,4.46,1
TRUE,YouTube,TRUE,0,0,4,Pop-Up,3,67a3c5e78c483a6d93114bb5,3,4,4,No,alone,1,2025-03-19 7:39:32,4,Female,43,7,TRUE,4.6,1.73,0.2,4.46,1
TRUE,Instagram,TRUE,0,29,4,Vibration,6,67a3c5e78c483a6d93114bb5,4,4,4,No,alone,0,2025-03-13 20:00:09,4,Female,43,20,TRUE,3,1.73,0.2,4.46,1
TRUE,,TRUE,-3,104,6,SpotOverlay,5,67aa4231d1c94cf55af8a0e9,5,7,5,No,friends,6,2025-05-30 18:14:30,6,Female,31,18,TRUE,3.8,2.6,2.2,2.38,3.6
TRUE,Instagram,FALSE,-3,10,5,Pop-Up,1,67aa4231d1c94cf55af8a0e9,5,5,7,Yes,friends,3,2025-06-03 14:33:35,5,Female,31,14,TRUE,3.6,2.6,2.2,2.38,3.6
TRUE,TikTok,TRUE,-3,28,2,SpotOverlay,7,67abde1e061c485c5ca785ee,3,3,3,No,alone,1,2025-04-17 23:07:06,1,Non-binary,19,23,TRUE,3.8,2.27,1,2.85,3.6
TRUE,TikTok,TRUE,3,154,4,SpotOverlay,5,67abde1e061c485c5ca785ee,4,4,7,No,alone,2,2025-04-15 16:39:07,5,Non-binary,19,16,TRUE,4,2.27,1,2.85,3.6
TRUE,TikTok,TRUE,-3,32,4,Pop-Up,5,67abde1e061c485c5ca785ee,4,5,7,No,alone,6,2025-04-17 18:42:53,5,Non-binary,19,18,TRUE,4,2.27,1,2.85,3.6
TRUE,Instagram,TRUE,-2,38,2,SpotOverlay,4,67abde1e061c485c5ca785ee,3,3,6,Yes,alone,5,2025-04-19 20:43:28,3,Non-binary,19,20,FALSE,3.8,2.27,1,2.85,3.6
TRUE,,TRUE,-1,4,4,SpotOverlay,4,67acdc5fd7736c0646be7588,3,4,5,Yes,friends,6,2025-05-19 0:51:23,3,Female,31,0,TRUE,4.2,1.6,0.6,3.85,2.6
TRUE,,TRUE,-2,54,5,SpotOverlay,6,67c88ee5ad4e38a07512ce7c,3,5,5,Yes,friends,7,2025-06-02 20:08:19,5,Female,50,20,TRUE,3.2,2.33,2.8,2.54,3.2
TRUE,Facebook,TRUE,-3,8,6,Pop-Up,4,67c88ee5ad4e38a07512ce7c,3,6,6,No,alone,3,2025-06-06 2:58:00,7,Female,50,2,TRUE,2.8,2.33,2.8,2.54,3.2
TRUE,,TRUE,-3,61,3,SpotOverlay,7,67c88ee5ad4e38a07512ce7c,4,3,4,No,alone,3,2025-06-07 5:39:04,3,Female,50,5,FALSE,4,2.33,2.8,2.54,3.2
TRUE,,TRUE,-2,30,1,Vibration,4,67c88ee5ad4e38a07512ce7c,3,3,7,No,alone,3,2025-06-03 7:11:59,3,Female,50,7,TRUE,4,2.33,2.8,2.54,3.2
TRUE,YouTube,TRUE,2,108,2,Vibration,6,67d8cc0a703c167f5f7daf8b,4,2,4,No,alone,2,2025-05-18 9:32:12,2,Male,30,9,FALSE,4.4,1.67,0,3.38,1.4
TRUE,,TRUE,3,4,4,Pop-Up,1,67dcca3b6ef77f85fe78f624,5,4,4,Yes,alone,0,2025-05-23 15:59:54,4,Male,73,15,TRUE,3,2.93,2,1.38,5
TRUE,YouTube,TRUE,-3,64,4,SpotOverlay,5,67df5cb767ae66f6f41019d3,5,4,4,No,alone,0,2025-04-03 1:45:16,7,Female,51,1,TRUE,1,1.6,0.4,4.77,1
TRUE,YouTube,TRUE,-3,88,4,SpotOverlay,8,67df5cb767ae66f6f41019d3,5,4,5,Yes,alone,0,2025-04-04 23:10:28,4,Female,51,23,TRUE,3,1.6,0.4,4.77,1
TRUE,YouTube,TRUE,-1,5,6,Pop-Up,8,67df5cb767ae66f6f41019d3,5,6,5,No,alone,0,2025-04-02 0:50:27,7,Female,51,0,TRUE,2.4,1.6,0.4,4.77,1
TRUE,YouTube,TRUE,-3,199,2,SpotOverlay,7,682ee43d7e01892f0cec3a87,2,2,2,No,friends,8,2025-06-05 1:25:02,4,Male,54,1,TRUE,4.4,1.93,1.2,2.69,3.4
TRUE,YouTube,TRUE,-3,465,4,Pop-Up,7,682ee43d7e01892f0cec3a87,3,5,5,No,friends,7,2025-06-05 0:48:22,5,Male,54,0,TRUE,4.4,1.93,1.2,2.69,3.4
TRUE,Facebook,TRUE,-3,0,6,Vibration,8,682ee43d7e01892f0cec3a87,4,6,6,Yes,alone,2,2025-06-06 23:48:23,6,Male,54,23,TRUE,3.2,1.93,1.2,2.69,3.4
TRUE,,TRUE,-3,22,6,Pop-Up,8,682ee43d7e01892f0cec3a87,4,5,6,Yes,friends,2,2025-06-06 22:53:49,6,Male,54,22,TRUE,3.6,1.93,1.2,2.69,3.4
TRUE,,TRUE,-3,55,4,SpotOverlay,3,682ee43d7e01892f0cec3a87,4,4,5,Yes,alone,3,2025-06-04 8:24:52,5,Male,54,8,TRUE,3.6,1.93,1.2,2.69,3.4
TRUE,Facebook,TRUE,-3,151,2,SpotOverlay,4,682ee43d7e01892f0cec3a87,3,2,2,No,alone,4,2025-06-04 8:04:54,2,Male,54,8,TRUE,4,1.93,1.2,2.69,3.4
TRUE,,TRUE,-3,0,5,SpotOverlay,8,682ee43d7e01892f0cec3a87,3,5,3,Yes,alone,8,2025-06-08 1:12:04,6,Male,54,1,FALSE,2.6,1.93,1.2,2.69,3.4
TRUE,,TRUE,-3,20,5,Pop-Up,3,682ee43d7e01892f0cec3a87,4,5,5,No,friends,3,2025-06-06 20:23:11,5,Male,54,20,TRUE,3.2,1.93,1.2,2.69,3.4
TRUE,Facebook,TRUE,-3,121,5,SpotOverlay,3,682ee43d7e01892f0cec3a87,4,5,3,No,alone,6,2025-06-05 8:56:10,5,Male,54,8,TRUE,2.6,1.93,1.2,2.69,3.4
TRUE,YouTube,TRUE,-3,34,4,Pop-Up,7,682ee43d7e01892f0cec3a87,2,3,5,No,friends,5,2025-06-05 1:05:27,2,Male,54,1,TRUE,4.6,1.93,1.2,2.69,3.4
TRUE,Facebook,TRUE,-3,49,3,Vibration,6,682ee43d7e01892f0cec3a87,3,3,5,No,alone,3,2025-06-04 7:45:55,3,Male,54,7,TRUE,4,1.93,1.2,2.69,3.4
TRUE,,TRUE,-3,0,6,Pop-Up,8,682ee43d7e01892f0cec3a87,2,6,2,No,alone,8,2025-06-07 2:34:10,6,Male,54,2,FALSE,2.2,1.93,1.2,2.69,3.4
TRUE,,TRUE,1,1,3,SpotOverlay,5,682ee43d7e01892f0cec3a87,4,4,5,Yes,alone,5,2025-06-03 14:42:13,5,Male,54,14,TRUE,3.8,1.93,1.2,2.69,3.4
TRUE,Instagram,TRUE,0,3,5,Pop-Up,5,Luca-Maxim Meinhardt,3,4,6,No,alone,6,2025-03-29 22:57:05,5,Male,30,22,FALSE,4,2.2,1.2,2.85,1.4
TRUE,Instagram,TRUE,-1,3,6,Pop-Up,6,Luca-Maxim Meinhardt,3,5,4,No,alone,5,2025-04-01 23:27:02,6,Male,30,23,TRUE,3.8,2.2,1.2,2.85,1.4
TRUE,Instagram,FALSE,1,64,6,SpotOverlay,7,Luca-Maxim Meinhardt,3,5,4,Yes,alone,7,2025-03-27 22:19:32,5,Male,30,22,TRUE,4,2.2,1.2,2.85,1.4
TRUE,YouTube,TRUE,2,37,6,Vibration,8,Luca-Maxim Meinhardt,2,5,6,Yes,alone,7,2025-03-31 21:43:50,5,Male,30,21,TRUE,4,2.2,1.2,2.85,1.4
TRUE,,TRUE,0,1,6,SpotOverlay,6,Luca-Maxim Meinhardt,2,6,6,No,alone,6,2025-03-29 16:59:48,5,Male,30,16,FALSE,3.6,2.2,1.2,2.85,1.4
TRUE,YouTube,FALSE,1,91,4,SpotOverlay,5,Luca-Maxim Meinhardt,3,3,6,No,alone,6,2025-04-03 17:23:51,5,Male,30,17,TRUE,4,2.2,1.2,2.85,1.4
TRUE,Instagram,TRUE,-2,38,7,Vibration,8,Luca-Maxim Meinhardt,3,6,5,No,alone,3,2025-03-28 0:56:07,7,Male,30,0,TRUE,3.8,2.2,1.2,2.85,1.4
TRUE,,FALSE,1,34,6,Vibration,7,Luca-Maxim Meinhardt,3,6,6,Yes,alone,7,2025-03-27 22:38:10,7,Male,30,22,TRUE,4.4,2.2,1.2,2.85,1.4
TRUE,YouTube,TRUE,1,140,6,SpotOverlay,6,Luca-Maxim Meinhardt,2,6,4,No,alone,6,2025-03-29 17:18:38,7,Male,30,17,FALSE,3.2,2.2,1.2,2.85,1.4
TRUE,,TRUE,2,0,7,Pop-Up,3,Luca-Maxim Meinhardt,4,6,5,Yes,alone,3,2025-03-28 14:36:53,7,Male,30,14,TRUE,3.6,2.2,1.2,2.85,1.4
TRUE,YouTube,FALSE,1,32,6,SpotOverlay,5,Luca-Maxim Meinhardt,3,6,5,Yes,alone,6,2025-04-03 18:40:03,6,Male,30,18,TRUE,3.6,2.2,1.2,2.85,1.4